,track_id,track_name,track_popularity,artist_id,artist_name,album_id,album_name,danceability,energy,key,loudness,mode,speechiness,acousticness,instrumentalness,liveness,valence,tempo,duration_ms,time_signature
0,4nTrxp4aH0g2yLVPkFmljF,"Vida Loka, Pt. 2",64,29CQLw9uLWsl8Qkz9holfr,Racionais MC's,4HcPzKyKVtcZCwJgesoZWn,"Nada Como um Dia Após o Outro Dia, Vol. 1 & 2",0.655,0.653,1,-7.2,0,0.273,0.133,0.00813,0.203,0.433,82.1,350560,4
1,6m8AgjfI28ER6odzMxmHtR,"Vida Loka, Pt. 1",65,29CQLw9uLWsl8Qkz9holfr,Racionais MC's,4HcPzKyKVtcZCwJgesoZWn,"Nada Como um Dia Após o Outro Dia, Vol. 1 & 2",0.569,0.592,4,-8.557,1,0.39,0.544,0.0,0.79,0.752,82.38,303560,4
2,3ytXzEJFeVydFfmUhHvti8,Negro Drama,64,29CQLw9uLWsl8Qkz9holfr,Racionais MC's,4HcPzKyKVtcZCwJgesoZWn,"Nada Como um Dia Após o Outro Dia, Vol. 1 & 2",0.858,0.733,7,-7.292,0,0.305,0.275,0.0,0.152,0.801,157.38,411867,4
3,5wZUvwWGKaZ6NG8yckZcTM,Jesus Chorou,63,29CQLw9uLWsl8Qkz9holfr,Racionais MC's,4HcPzKyKVtcZCwJgesoZWn,"Nada Como um Dia Após o Outro Dia, Vol. 1 & 2",0.796,0.824,11,-5.448,0,0.355,0.155,2.47e-05,0.355,0.75,167.926,471253,4
4,4mZu6NuOntvYZqCZPrxTqT,A Vida É Desafio,61,29CQLw9uLWsl8Qkz9holfr,Racionais MC's,4HcPzKyKVtcZCwJgesoZWn,"Nada Como um Dia Após o Outro Dia, Vol. 1 & 2",0.702,0.918,0,-5.352,1,0.416,0.81,0.0,0.203,0.555,151.42,433200,4
5,7wglwZzZoWUr8sOECwpu6L,Diário de um Detento,61,29CQLw9uLWsl8Qkz9holfr,Racionais MC's,1UzrzuOmZfBgXyS3pgKD10,Sobrevivendo no Inferno,0.903,0.526,10,-10.069,0,0.334,0.603,0.0,0.0973,0.766,87.005,451000,4
6,77ZXEJcwC7r4gfodNwERJz,Da Ponte pra Cá,61,29CQLw9uLWsl8Qkz9holfr,Racionais MC's,4HcPzKyKVtcZCwJgesoZWn,"Nada Como um Dia Após o Outro Dia, Vol. 1 & 2",0.742,0.728,10,-5.563,0,0.608,0.107,0.0,0.0848,0.695,79.921,527360,4
7,6Wt61AZLG0bN2KasopE2sj,"Capítulo 4, Versículo 3",60,29CQLw9uLWsl8Qkz9holfr,Racionais MC's,1UzrzuOmZfBgXyS3pgKD10,Sobrevivendo no Inferno,0.625,0.515,8,-9.187,0,0.415,0.0269,0.0,0.0839,0.903,87.841,486560,4
8,2tR8iLdCeYhVcyPZvN6T7X,Estilo Cachorro,60,29CQLw9uLWsl8Qkz9holfr,Racionais MC's,4HcPzKyKVtcZCwJgesoZWn,"Nada Como um Dia Após o Outro Dia, Vol. 1 & 2",0.819,0.721,1,-4.295,1,0.344,0.483,0.0,0.188,0.728,86.042,377613,4
9,33UECsx4DcDRampb2ah316,Eu Sou 157,60,29CQLw9uLWsl8Qkz9holfr,Racionais MC's,4HcPzKyKVtcZCwJgesoZWn,"Nada Como um Dia Após o Outro Dia, Vol. 1 & 2",0.904,0.605,10,-5.873,0,0.279,0.15,0.0,0.0684,0.749,85.983,529733,4
10,10CaXTAohMFQeFWZGfnGyC,Homem na Estrada,54,29CQLw9uLWsl8Qkz9holfr,Racionais MC's,2QMZRtm35gtG3ZJs0yl9EM,Raio X do Brasil,0.746,0.517,7,-14.511,1,0.304,0.299,0.0,0.733,0.869,155.04,521827,4
11,5G1T3Cj4vP7uiGMUb278ut,Sou + Você,54,29CQLw9uLWsl8Qkz9holfr,Racionais MC's,4HcPzKyKVtcZCwJgesoZWn,"Nada Como um Dia Após o Outro Dia, Vol. 1 & 2",0.603,0.687,4,-9.872,0,0.738,0.927,0.0,0.65,0.321,110.187,108427,3
12,4QsfSMCOEmTbPzHCCLbhgr,Formula Mágica de Paz,54,29CQLw9uLWsl8Qkz9holfr,Racionais MC's,1UzrzuOmZfBgXyS3pgKD10,Sobrevivendo no Inferno,0.633,0.586,6,-9.045,1,0.183,0.646,2.17e-06,0.854,0.89,73.31,639560,4
13,63piuNbKgyASwtlj3kq4ye,Tô Ouvindo Alguém Me Chamar,53,29CQLw9uLWsl8Qkz9holfr,Racionais MC's,1UzrzuOmZfBgXyS3pgKD10,Sobrevivendo no Inferno,0.755,0.724,11,-8.862,1,0.27,0.582,0.0,0.244,0.751,83.813,672773,4
14,6CI6QHlg9ejvkWOTOni5oX,Expresso da Meia-Noite,53,29CQLw9uLWsl8Qkz9holfr,Racionais MC's,4HcPzKyKVtcZCwJgesoZWn,"Nada Como um Dia Após o Outro Dia, Vol. 1 & 2",0.821,0.457,1,-7.341,1,0.42,0.139,0.0,0.152,0.0944,85.593,321547,4
15,6G6FR1CEiuwkEbp33ryGAY,Mágico de Oz,53,29CQLw9uLWsl8Qkz9holfr,Racionais MC's,1UzrzuOmZfBgXyS3pgKD10,Sobrevivendo no Inferno,0.575,0.634,6,-7.079,0,0.36,0.461,0.0,0.3,0.783,79.316,456840,4
16,0VQ1mXWqoXynNmc0wdligL,"1 por Amor, 2 por Dinheiro",52,29CQLw9uLWsl8Qkz9holfr,Racionais MC's,4HcPzKyKVtcZCwJgesoZWn,"Nada Como um Dia Após o Outro Dia, Vol. 1 & 2",0.842,0.686,10,-4.52,0,0.359,0.142,0.0,0.377,0.81,92.984,418560,4
17,29JxbOQf5YFFpqWgNauToo,Crime Vai e Vem,51,29CQLw9uLWsl8Qkz9holfr,Racionais MC's,4HcPzKyKVtcZCwJgesoZWn,"Nada Como um Dia Após o Outro Dia, Vol. 1 & 2",0.592,0.683,1,-6.509,1,0.414,0.378,0.0,0.657,0.87,83.459,475773,1
18,5MYKqp6J8rstffAQBCE2nl,Mil Faces de um Homem Leal (Marighella),49,29CQLw9uLWsl8Qkz9holfr,Racionais MC's,1hqniVJju4Nj9qGJR2ZeIR,Mil Faces de um Homem Leal (Marighella),0.716,0.716,1,-8.52,1,0.382,0.622,0.0,0.427,0.378,95.1,598737,4
19,2ki0ZW9m5HIAdALRldfXM1,A Vítima,50,29CQLw9uLWsl8Qkz9holfr,Racionais MC's,4HcPzKyKVtcZCwJgesoZWn,"Nada Como um Dia Após o Outro Dia, Vol. 1 & 2",0.861,0.52,1,-8.458,1,0.26,0.285,1.88e-05,0.129,0.675,82.342,440000,4
20,5hkLnjLwFQtSa1I0IZ7mzZ,Fim de Semana no Parque,48,29CQLw9uLWsl8Qkz9holfr,Racionais MC's,2QMZRtm35gtG3ZJs0yl9EM,Raio X do Brasil,0.653,0.55,5,-14.451,0,0.364,0.11,0.0,0.8,0.296,175.594,467600,4
21,6aJkwHHjSLbSe9T07ulltq,Cores & Valores,48,29CQLw9uLWsl8Qkz9holfr,Racionais MC's,1CYfSGAq6xQNF5V8CAeP7m,Cores & Valores,0.645,0.48,2,-9.253,1,0.321,0.0631,0.0,0.101,0.227,105.495,76087,5
22,5VW3BRwYhsqfZYRi90UzfR,Eu Compro,47,29CQLw9uLWsl8Qkz9holfr,Racionais MC's,1CYfSGAq6xQNF5V8CAeP7m,Cores & Valores,0.761,0.458,1,-6.618,1,0.402,0.146,0.0,0.335,0.523,76.481,213979,4
23,6hxdEJHw5qPaA4r0GFGkhj,Qual Mentira Vou Acreditar,48,29CQLw9uLWsl8Qkz9holfr,Racionais MC's,1UzrzuOmZfBgXyS3pgKD10,Sobrevivendo no Inferno,0.901,0.52,1,-10.203,1,0.312,0.0257,0.0,0.443,0.806,89.993,461200,4
24,5G4rIw7lHwmxQUADg2lnWo,Você Me Deve,46,29CQLw9uLWsl8Qkz9holfr,Racionais MC's,1CYfSGAq6xQNF5V8CAeP7m,Cores & Valores,0.748,0.646,6,-5.792,1,0.124,0.109,0.0,0.208,0.563,89.985,159902,4
25,1gD4sDZi8BaHunIj4zNF8B,Preto Zica,47,29CQLw9uLWsl8Qkz9holfr,Racionais MC's,1CYfSGAq6xQNF5V8CAeP7m,Cores & Valores,0.742,0.606,1,-7.277,0,0.222,0.0598,0.00028,0.14,0.582,85.005,123370,4
26,0YyZBGbZYAuEFu473MiyjQ,Jorge da Capadócia,48,29CQLw9uLWsl8Qkz9holfr,Racionais MC's,1UzrzuOmZfBgXyS3pgKD10,Sobrevivendo no Inferno,0.619,0.33,0,-12.105,1,0.0467,0.181,0.0187,0.136,0.208,113.629,167733,4
27,57DmIl4WnkUplQrUWZqonY,Quanto Vale o Show,45,29CQLw9uLWsl8Qkz9holfr,Racionais MC's,1CYfSGAq6xQNF5V8CAeP7m,Cores & Valores,0.492,0.849,4,-6.991,0,0.33,0.078,0.0,0.146,0.696,94.081,172606,4
28,0YG19EaGbGtN7m8xVzgEGv,Negro Drama (Ao Vivo),45,29CQLw9uLWsl8Qkz9holfr,Racionais MC's,4QvlTHd5GdQje8nxm9Bude,1000 Trutas 1000 Tretas (Ao Vivo),0.682,0.948,10,-3.284,0,0.357,0.406,0.0,0.905,0.775,79.769,318760,4
29,6NKchtT70MibwEZfK2ksjl,Fim de Semana no Parque,44,29CQLw9uLWsl8Qkz9holfr,Racionais MC's,3RwDSMSj82TPDkKMnamGeZ,Raio X do Brasil,0.658,0.554,5,-14.467,0,0.35,0.108,0.0,0.82,0.312,175.611,467600,4
30,4aVBWmgp19jJJkUGN7mypV,Formula Mágica da Paz (Ao Vivo),44,29CQLw9uLWsl8Qkz9holfr,Racionais MC's,4QvlTHd5GdQje8nxm9Bude,1000 Trutas 1000 Tretas (Ao Vivo),0.556,0.944,1,-3.955,1,0.353,0.495,0.0,0.915,0.639,148.579,680880,4
31,7eJJzgVek3LoAYcK37ieeZ,A Vida É Desafio (Ao Vivo),44,29CQLw9uLWsl8Qkz9holfr,Racionais MC's,4QvlTHd5GdQje8nxm9Bude,1000 Trutas 1000 Tretas (Ao Vivo),0.377,0.959,0,-4.388,1,0.56,0.447,0.0,0.89,0.458,76.996,404880,4
32,2igfCmo0TuciHyKMB8zWrr,Vivão e Vivendo,43,29CQLw9uLWsl8Qkz9holfr,Racionais MC's,4HcPzKyKVtcZCwJgesoZWn,"Nada Como um Dia Após o Outro Dia, Vol. 1 & 2",0.495,0.886,11,-3.737,0,0.474,0.591,0.0,0.615,0.864,172.997,117667,4
33,6ieCyW9A3EzOtXChxJwXsh,Tempos Difíceis,40,29CQLw9uLWsl8Qkz9holfr,Racionais MC's,5xQx7NRZ0P9s03owKob8iP,Holocausto Urbano,0.86,0.458,6,-12.939,0,0.374,0.0423,0.000541,0.112,0.704,88.804,243933,4
34,6uNitskNYppKgkaQQgjKmZ,Panico na Zona Sul,40,29CQLw9uLWsl8Qkz9holfr,Racionais MC's,2QMZRtm35gtG3ZJs0yl9EM,Raio X do Brasil,0.814,0.71,6,-12.691,0,0.238,0.0745,0.000211,0.0987,0.705,94.596,278333,4
35,1eluAGIOxgYMXOpT8UHJHz,Hey Boy,39,29CQLw9uLWsl8Qkz9holfr,Racionais MC's,5xQx7NRZ0P9s03owKob8iP,Holocausto Urbano,0.735,0.569,8,-13.85,1,0.498,0.0258,0.0,0.0719,0.65,171.469,310773,4
36,0TYKO6toBeKLbyD18AVTNU,Na Fé Firmão,43,29CQLw9uLWsl8Qkz9holfr,Racionais MC's,4HcPzKyKVtcZCwJgesoZWn,"Nada Como um Dia Após o Outro Dia, Vol. 1 & 2",0.873,0.765,11,-5.254,1,0.437,0.557,0.0,0.0592,0.948,90.014,365133,4
37,0zGuJbbRk2QV18xHxvHB1Z,Racistas Otários,39,29CQLw9uLWsl8Qkz9holfr,Racionais MC's,5xQx7NRZ0P9s03owKob8iP,Holocausto Urbano,0.771,0.318,6,-13.82,0,0.552,0.0089,0.0,0.0639,0.921,173.152,345227,4
38,3tuMjoF61Uo54BPVzV4e0d,Otus 500,41,29CQLw9uLWsl8Qkz9holfr,Racionais MC's,4HcPzKyKVtcZCwJgesoZWn,"Nada Como um Dia Após o Outro Dia, Vol. 1 & 2",0.931,0.763,11,-5.078,0,0.291,0.408,0.0,0.214,0.683,94.986,131253,4
39,1UpUrh85poGgna4yamzSjl,"Vida Loka, Pt. 1 (Ao Vivo)",40,29CQLw9uLWsl8Qkz9holfr,Racionais MC's,4QvlTHd5GdQje8nxm9Bude,1000 Trutas 1000 Tretas (Ao Vivo),0.461,0.876,9,-3.481,1,0.409,0.498,0.0,0.392,0.638,79.163,202173,4
40,16oVqtzrcrdzQvtIRnA2Wx,De Volta À Cena,41,29CQLw9uLWsl8Qkz9holfr,Racionais MC's,4HcPzKyKVtcZCwJgesoZWn,"Nada Como um Dia Após o Outro Dia, Vol. 1 & 2",0.794,0.752,9,-7.935,1,0.853,0.567,0.0,0.479,0.32,158.133,121853,4
41,6N2v3qyuXnr6ZXnIAjCQmC,Da Ponte prá Cá (Ao Vivo),41,29CQLw9uLWsl8Qkz9holfr,Racionais MC's,4QvlTHd5GdQje8nxm9Bude,1000 Trutas 1000 Tretas (Ao Vivo),0.63,0.892,1,-4.382,1,0.386,0.219,0.0,0.373,0.672,79.312,265587,4
42,38OUI3LwDXtWKzWhRAqxL4,Voz Átiva - Versão Radio,38,29CQLw9uLWsl8Qkz9holfr,Racionais MC's,4wtgvCPdYPKF8yYPmRiW6a,Escolha o Seu Caminho,0.79,0.877,11,-9.699,0,0.118,0.115,0.0,0.145,0.913,91.23,309760,4
43,2DMZHED8zAzmrSUgGXgsB9,Jesus Chorou (Ao Vivo),42,29CQLw9uLWsl8Qkz9holfr,Racionais MC's,4QvlTHd5GdQje8nxm9Bude,1000 Trutas 1000 Tretas (Ao Vivo),0.687,0.91,11,-4.772,0,0.321,0.0957,0.0,0.515,0.653,84.602,467213,4
44,0Tt4zit1zJixRlx7khGgs3,Rapaz Comum,41,29CQLw9uLWsl8Qkz9holfr,Racionais MC's,1UzrzuOmZfBgXyS3pgKD10,Sobrevivendo no Inferno,0.768,0.807,1,-8.631,1,0.236,0.371,0.0,0.358,0.832,81.722,379467,4
45,2BHVgfv7zMJyYRjNN8YZ4i,Eu Sou 157 (Ao Vivo),41,29CQLw9uLWsl8Qkz9holfr,Racionais MC's,4QvlTHd5GdQje8nxm9Bude,1000 Trutas 1000 Tretas (Ao Vivo),0.764,0.891,7,-4.237,1,0.301,0.309,0.0,0.98,0.692,86.974,424947,4
46,1ILIIkMp9moWcLNgPk8lZ3,"Vida Loka, Pt. 2 (Ao Vivo)",40,29CQLw9uLWsl8Qkz9holfr,Racionais MC's,4QvlTHd5GdQje8nxm9Bude,1000 Trutas 1000 Tretas (Ao Vivo),0.35,0.923,1,-4.24,0,0.361,0.375,0.000364,0.123,0.594,81.08,359800,4
47,2u9TNvu3s7bvuzluO18B0P,Somos o Que Somos,40,29CQLw9uLWsl8Qkz9holfr,Racionais MC's,1CYfSGAq6xQNF5V8CAeP7m,Cores & Valores,0.419,0.606,1,-5.421,1,0.355,0.391,0.0,0.438,0.219,84.38,67429,4
48,7FVBZHCF2zqffxQT4C7sb8,Tô Ouvindo Alguém me Chamar (Ao Vivo),38,29CQLw9uLWsl8Qkz9holfr,Racionais MC's,4QvlTHd5GdQje8nxm9Bude,1000 Trutas 1000 Tretas (Ao Vivo),0.475,0.953,10,-4.386,0,0.448,0.135,0.0,0.793,0.527,83.507,132240,4
49,4Nqj9K6kxvIr4PnvtI1RRA,12 de Outubro,40,29CQLw9uLWsl8Qkz9holfr,Racionais MC's,4HcPzKyKVtcZCwJgesoZWn,"Nada Como um Dia Após o Outro Dia, Vol. 1 & 2",0.692,0.206,4,-18.196,1,0.771,0.957,0.0,0.117,0.474,81.896,210707,3
50,0ZMu7guOfQUO4fu5W8VmfB,Diario de um Detento (Ao Vivo),39,29CQLw9uLWsl8Qkz9holfr,Racionais MC's,4QvlTHd5GdQje8nxm9Bude,1000 Trutas 1000 Tretas (Ao Vivo),0.739,0.913,9,-4.453,0,0.312,0.558,0.0,0.347,0.527,87.336,198787,4
51,66s5TDfsJipaB9wPQHSORm,Periferia É Periferia,40,29CQLw9uLWsl8Qkz9holfr,Racionais MC's,1UzrzuOmZfBgXyS3pgKD10,Sobrevivendo no Inferno,0.668,0.712,4,-9.943,0,0.314,0.38,0.0,0.074,0.832,165.462,359027,4
52,5lKGO9kvUqofw6OTAnMpUy,Crime Vai e Vem (Ao Vivo),38,29CQLw9uLWsl8Qkz9holfr,Racionais MC's,4QvlTHd5GdQje8nxm9Bude,1000 Trutas 1000 Tretas (Ao Vivo),0.64,0.856,1,-4.997,1,0.309,0.234,0.0,0.154,0.554,178.036,205040,4
53,7j4NA49Hk8Eh1tIHO0ewu9,Expresso da Meia Noite (Ao Vivo),39,29CQLw9uLWsl8Qkz9holfr,Racionais MC's,4QvlTHd5GdQje8nxm9Bude,1000 Trutas 1000 Tretas (Ao Vivo),0.473,0.727,1,-6.319,1,0.264,0.0308,0.0,0.346,0.0673,82.883,291747,4
54,5RhpE8nYULoYAT5Oy8g9VD,Salve,38,29CQLw9uLWsl8Qkz9holfr,Racionais MC's,1UzrzuOmZfBgXyS3pgKD10,Sobrevivendo no Inferno,0.72,0.391,0,-10.994,1,0.209,0.45,0.0,0.132,0.28,113.815,136000,4
55,502TuAuj6ViVhAaJt8d6HO,. . .,37,29CQLw9uLWsl8Qkz9holfr,Racionais MC's,1UzrzuOmZfBgXyS3pgKD10,Sobrevivendo no Inferno,0.564,0.496,7,-9.59,1,0.205,0.00866,0.569,0.125,0.369,174.64,153800,4
56,1QEit92Juvj8i9QrM60gpn,Fone (Intro),37,29CQLw9uLWsl8Qkz9holfr,Racionais MC's,4HcPzKyKVtcZCwJgesoZWn,"Nada Como um Dia Após o Outro Dia, Vol. 1 & 2",0.62,0.397,4,-8.956,1,0.33,0.912,0.0,0.163,0.673,90.259,116307,5
57,36fttUvKnvYuzB5ASzxhkD,Homem na Estrada,40,29CQLw9uLWsl8Qkz9holfr,Racionais MC's,3RwDSMSj82TPDkKMnamGeZ,Raio X do Brasil,0.748,0.517,7,-14.514,1,0.305,0.296,0.0,0.731,0.855,155.045,521827,4
58,4r4RecPtQVMMVzES53TepN,A Vítima (Ao Vivo),36,29CQLw9uLWsl8Qkz9holfr,Racionais MC's,4QvlTHd5GdQje8nxm9Bude,1000 Trutas 1000 Tretas (Ao Vivo),0.767,0.812,8,-6.584,1,0.23,0.147,0.0,0.632,0.565,82.951,298627,4
59,6l7uyNOOHVO7PZuZRPIHm2,Eu Te Disse,38,29CQLw9uLWsl8Qkz9holfr,Racionais MC's,1CYfSGAq6xQNF5V8CAeP7m,Cores & Valores,0.707,0.73,7,-6.631,1,0.378,0.187,0.0,0.189,0.722,84.801,54339,4
60,4xo4XiELxxKdvCOR3p00EX,O Mau e o Bem,38,29CQLw9uLWsl8Qkz9holfr,Racionais MC's,1CYfSGAq6xQNF5V8CAeP7m,Cores & Valores,0.65,0.811,1,-6.212,0,0.206,0.183,1.18e-06,0.278,0.551,168.684,298830,4
61,1pE4I4yU6NuhJKjGoOWVuP,"1 por Amor, 2 por Dinheiro (Ao Vivo)",37,29CQLw9uLWsl8Qkz9holfr,Racionais MC's,4QvlTHd5GdQje8nxm9Bude,1000 Trutas 1000 Tretas (Ao Vivo),0.726,0.914,10,-3.783,0,0.319,0.368,0.0,0.89,0.642,93.68,457800,4
62,6ZNcr9DyYl3ySLoHPm9cHt,Cores & Valores (Finado,38,29CQLw9uLWsl8Qkz9holfr,Racionais MC's,1CYfSGAq6xQNF5V8CAeP7m,Cores & Valores,0.572,0.772,4,-3.646,1,0.313,0.065,1e-05,0.276,0.77,81.71,120543,4
63,6xmtjVIcjMRdgdB1sywkjb,Trutas e Quebradas,37,29CQLw9uLWsl8Qkz9holfr,Racionais MC's,4HcPzKyKVtcZCwJgesoZWn,"Nada Como um Dia Após o Outro Dia, Vol. 1 & 2",0.567,0.406,0,-10.929,1,0.526,0.944,1.19e-05,0.265,0.592,95.132,377707,4
64,63P6k2OXCGBDrIoMxIk316,Cores & Valores (Preto e Amarelo),37,29CQLw9uLWsl8Qkz9holfr,Racionais MC's,1CYfSGAq6xQNF5V8CAeP7m,Cores & Valores,0.796,0.727,2,-3.587,1,0.25,0.302,0.366,0.137,0.913,109.166,36600,5
65,5Z7IyT472Inrrb220DzJJF,A Escolha Que Eu Fiz,35,29CQLw9uLWsl8Qkz9holfr,Racionais MC's,1CYfSGAq6xQNF5V8CAeP7m,Cores & Valores,0.645,0.808,7,-6.209,0,0.178,0.118,0.0,0.669,0.343,88.045,108820,4
66,1NLmmwS2qMv8YhIRQrCmZ7,Eu Te Proponho,38,29CQLw9uLWsl8Qkz9holfr,Racionais MC's,1CYfSGAq6xQNF5V8CAeP7m,Cores & Valores,0.445,0.883,7,-6.406,0,0.388,0.714,7.9e-05,0.675,0.7,79.49,227746,4
67,6bT78soTSBQhBAbcKCj55W,A Praça,35,29CQLw9uLWsl8Qkz9holfr,Racionais MC's,1CYfSGAq6xQNF5V8CAeP7m,Cores & Valores,0.555,0.749,1,-5.149,1,0.115,0.0109,0.0,0.376,0.254,149.996,168557,4
68,1bLXAPqRamk6BK8mkzvgwd,Coração Barrabaz,32,29CQLw9uLWsl8Qkz9holfr,Racionais MC's,1CYfSGAq6xQNF5V8CAeP7m,Cores & Valores,0.604,0.523,4,-7.468,0,0.0605,0.278,0.268,0.587,0.429,61.841,82940,4
69,336Uc92kf27qpB9P4nuCXk,Fórmula Mágica da Paz (Ao Vivo),22,29CQLw9uLWsl8Qkz9holfr,Racionais MC's,1nuZiJrGdPaY7PPFHdN746,Racionais Ao Vivo,0.675,0.671,11,-8.539,0,0.533,0.313,0.0,0.88,0.693,77.93,635280,4
70,6SJlu8A4ZungYc9zglqVqL,Mano na Porta do Bar,29,29CQLw9uLWsl8Qkz9holfr,Racionais MC's,3RwDSMSj82TPDkKMnamGeZ,Raio X do Brasil,0.796,0.606,1,-12.597,1,0.196,0.121,0.0,0.0835,0.704,91.491,373040,4
71,4mgaNM1ySvj46hBGPMwErr,Capítulo 4 Versículo 3 (Ao Vivo),28,29CQLw9uLWsl8Qkz9holfr,Racionais MC's,1nuZiJrGdPaY7PPFHdN746,Racionais Ao Vivo,0.748,0.691,8,-8.471,0,0.33,0.0507,0.0,0.366,0.878,91.05,478067,4
72,5MS06gIb0ertXR7JENsTQL,Pânico na Zona Sul,28,29CQLw9uLWsl8Qkz9holfr,Racionais MC's,5xQx7NRZ0P9s03owKob8iP,Holocausto Urbano,0.842,0.643,6,-11.739,1,0.254,0.166,4.18e-06,0.138,0.734,94.956,280027,4
73,59bvypeOf7rKhGOrTVDvv1,Júri Racional,25,29CQLw9uLWsl8Qkz9holfr,Racionais MC's,3RwDSMSj82TPDkKMnamGeZ,Raio X do Brasil,0.836,0.606,6,-10.011,0,0.349,0.154,0.0,0.118,0.468,94.768,289440,4
74,6F05XRAmtnot9h1HHAdr30,Pânico na Zona Sul,5,29CQLw9uLWsl8Qkz9holfr,Racionais MC's,46hG1VAPVaqyWRsBhE5T8W,Consciência Black - Vol. I,0.91,0.293,7,-14.624,1,0.482,0.296,0.0,0.0881,0.736,91.189,267400,4
75,59FZYaehyMSwHIP46Cf12F,Tô Ouvindo Alguém Me Chamar (Ao Vivo),21,29CQLw9uLWsl8Qkz9holfr,Racionais MC's,1nuZiJrGdPaY7PPFHdN746,Racionais Ao Vivo,0.692,0.804,9,-9.693,0,0.283,0.192,2.07e-06,0.652,0.73,84.547,651147,4
76,63cu2niWEmBV2HAbWhMZGZ,Voz Ativa,27,29CQLw9uLWsl8Qkz9holfr,Racionais MC's,2QMZRtm35gtG3ZJs0yl9EM,Raio X do Brasil,0.794,0.781,11,-13.517,0,0.103,0.131,0.0,0.309,0.912,91.201,312040,4
77,5cu3Kf5BvRsRkdv6NVIzYN,Mulheres Vulgares,22,29CQLw9uLWsl8Qkz9holfr,Racionais MC's,5xQx7NRZ0P9s03owKob8iP,Holocausto Urbano,0.856,0.466,6,-12.864,0,0.44,0.31,1.29e-05,0.145,0.758,93.633,298267,4
78,0vzxJ0awxKMniaQn3iRRDZ,Mágico de Oz (Ao Vivo),23,29CQLw9uLWsl8Qkz9holfr,Racionais MC's,1nuZiJrGdPaY7PPFHdN746,Racionais Ao Vivo,0.524,0.71,4,-7.312,0,0.375,0.0412,0.0,0.596,0.599,80.131,387680,4
79,6oFcHhgiLRZIHJa93y0HSt,Parte II,25,29CQLw9uLWsl8Qkz9holfr,Racionais MC's,3RwDSMSj82TPDkKMnamGeZ,Raio X do Brasil,0.877,0.465,10,-13.729,0,0.358,0.131,0.0,0.0615,0.435,100.015,332467,4
80,0VQRVcVwi8NytrWzs5TaLQ,Agradecimentos,19,29CQLw9uLWsl8Qkz9holfr,Racionais MC's,3RwDSMSj82TPDkKMnamGeZ,Raio X do Brasil,0.741,0.472,1,-14.722,1,0.521,0.328,0.0,0.173,0.747,80.589,186880,4
81,3fb2e4oU88MUcojC0la6y4,Ice Blue (Fala),15,29CQLw9uLWsl8Qkz9holfr,Racionais MC's,1nuZiJrGdPaY7PPFHdN746,Racionais Ao Vivo,0.786,0.143,10,-17.522,0,0.933,0.903,0.0,0.166,0.701,117.503,66973,4
82,0hbxf7rT136hH1MZ703hnY,Mulheres Vulgares,20,29CQLw9uLWsl8Qkz9holfr,Racionais MC's,2QMZRtm35gtG3ZJs0yl9EM,Raio X do Brasil,0.85,0.451,6,-15.04,0,0.423,0.119,2.17e-05,0.348,0.744,93.221,293600,4
83,6Ngpfsw7rvtjct6Hiu71DL,Diário de um Detento (Ao Vivo),22,29CQLw9uLWsl8Qkz9holfr,Racionais MC's,1nuZiJrGdPaY7PPFHdN746,Racionais Ao Vivo,0.785,0.758,4,-8.105,0,0.425,0.215,0.000389,0.117,0.658,87.953,450867,4
84,4880iuucLj84gfpHapXMDs,Racistas Otários,17,29CQLw9uLWsl8Qkz9holfr,Racionais MC's,2QMZRtm35gtG3ZJs0yl9EM,Raio X do Brasil,0.747,0.39,8,-16.875,0,0.441,0.00377,0.00343,0.0643,0.905,172.31,349627,4
85,0AIGUzrv8GEO3fZfmsOPNT,Introdução,22,29CQLw9uLWsl8Qkz9holfr,Racionais MC's,3RwDSMSj82TPDkKMnamGeZ,Raio X do Brasil,0.526,0.343,1,-14.182,1,0.493,0.0485,0.000116,0.204,0.495,177.646,36598,5
86,3FGegPZGVkfaiZmjAoet0k,Abertura (Ao Vivo),20,29CQLw9uLWsl8Qkz9holfr,Racionais MC's,1nuZiJrGdPaY7PPFHdN746,Racionais Ao Vivo,0.309,0.682,4,-9.455,1,0.0677,0.000155,0.294,0.546,0.0914,84.958,228253,4
87,2HChpykRkbR6QS7rvQD3ee,Beco Sem Saída,21,29CQLw9uLWsl8Qkz9holfr,Racionais MC's,5xQx7NRZ0P9s03owKob8iP,Holocausto Urbano,0.787,0.648,10,-13.787,0,0.22,0.197,0.00165,0.0267,0.897,91.371,287533,4
88,5i4yEx9FKxjlICGs5rmAGU,Mano na Porta do Bar,24,29CQLw9uLWsl8Qkz9holfr,Racionais MC's,2QMZRtm35gtG3ZJs0yl9EM,Raio X do Brasil,0.796,0.605,1,-12.598,1,0.196,0.116,0.0,0.0842,0.694,91.495,373040,4
89,0sBLJIT72fs7SszPqxE8An,Kl Jay (Fala),13,29CQLw9uLWsl8Qkz9holfr,Racionais MC's,1nuZiJrGdPaY7PPFHdN746,Racionais Ao Vivo,0.644,0.19,10,-13.156,1,0.911,0.907,0.0,0.185,0.868,81.372,42040,3
90,3IL1rox3Q1uA57L8bKTWoV,Brown (Fala 1),16,29CQLw9uLWsl8Qkz9holfr,Racionais MC's,1nuZiJrGdPaY7PPFHdN746,Racionais Ao Vivo,0.742,0.184,6,-16.872,1,0.96,0.822,0.0,0.301,0.677,46.317,79813,3
91,314L2yr0JehVwBm02h33SR,Hey Boy,17,29CQLw9uLWsl8Qkz9holfr,Racionais MC's,2QMZRtm35gtG3ZJs0yl9EM,Raio X do Brasil,0.697,0.577,1,-15.195,0,0.514,0.00384,0.0,0.0567,0.698,170.793,301533,4
92,7h4jJRBM5nkCZ3tLAJQZz3,Trilha,3,29CQLw9uLWsl8Qkz9holfr,Racionais MC's,1CYfSGAq6xQNF5V8CAeP7m,Cores & Valores,0.625,0.68,1,-7.466,0,0.104,0.00222,0.276,0.215,0.668,163.84,23604,4
93,6WmIPilav7KlnL5Bb8c8Zt,Negro Limitado,18,29CQLw9uLWsl8Qkz9holfr,Racionais MC's,4wtgvCPdYPKF8yYPmRiW6a,Escolha o Seu Caminho,0.743,0.656,8,-13.003,1,0.436,0.00711,0.0,0.0751,0.654,152.812,387107,4
94,5tZMj7uNujsbbxu5tlbzoa,Lenta (Ao Vivo),18,29CQLw9uLWsl8Qkz9holfr,Racionais MC's,1nuZiJrGdPaY7PPFHdN746,Racionais Ao Vivo,0.459,0.581,1,-9.0,0,0.0698,0.000188,0.019,0.352,0.55,63.407,68387,4
95,3yUBSRhLuyWIx6tXhzyPwI,Fio da Navalha,18,29CQLw9uLWsl8Qkz9holfr,Racionais MC's,2QMZRtm35gtG3ZJs0yl9EM,Raio X do Brasil,0.475,0.594,5,-12.551,1,0.0411,0.0142,0.000348,0.251,0.627,142.671,256827,4
96,53ABNY91EW46CDeJJvrprl,Edi Rock (Fala),14,29CQLw9uLWsl8Qkz9holfr,Racionais MC's,1nuZiJrGdPaY7PPFHdN746,Racionais Ao Vivo,0.717,0.173,1,-16.302,1,0.909,0.81,0.0,0.402,0.727,91.515,74947,3
97,4xzBW6GOFC8VQAzI3C8ycq,Rapaz Comum (Ao Vivo),18,29CQLw9uLWsl8Qkz9holfr,Racionais MC's,1nuZiJrGdPaY7PPFHdN746,Racionais Ao Vivo,0.676,0.777,8,-8.039,0,0.376,0.0154,0.00898,0.398,0.897,88.221,194960,4
98,3dEzkrPAczba41hp5OUv50,Voz Atíva - Capela,13,29CQLw9uLWsl8Qkz9holfr,Racionais MC's,4wtgvCPdYPKF8yYPmRiW6a,Escolha o Seu Caminho,0.813,0.734,1,-10.17,1,0.911,0.73,0.0,0.567,0.897,92.292,296493,4
99,5ByLXJhvC8QxK1SCG4p8EI,Tempos Dificeis,17,29CQLw9uLWsl8Qkz9holfr,Racionais MC's,2QMZRtm35gtG3ZJs0yl9EM,Raio X do Brasil,0.832,0.516,6,-13.067,0,0.302,0.0163,0.0546,0.145,0.697,88.256,239333,4
100,4wo6BbnYieGp7I4uU0jX2C,Negro Limitado,19,29CQLw9uLWsl8Qkz9holfr,Racionais MC's,2QMZRtm35gtG3ZJs0yl9EM,Raio X do Brasil,0.75,0.443,8,-19.373,1,0.434,0.00722,0.0,0.18,0.638,152.831,391933,4
101,3FnrwfUUphf83jKcE6adKb,Júri Racional,20,29CQLw9uLWsl8Qkz9holfr,Racionais MC's,2QMZRtm35gtG3ZJs0yl9EM,Raio X do Brasil,0.869,0.601,11,-10.009,0,0.347,0.142,0.0,0.117,0.447,94.832,289440,4
102,5Vsd7KQOlXm9rtPxGgnAdy,Parte II,20,29CQLw9uLWsl8Qkz9holfr,Racionais MC's,2QMZRtm35gtG3ZJs0yl9EM,Raio X do Brasil,0.877,0.466,10,-13.735,0,0.356,0.13,0.0,0.0654,0.429,100.038,332467,4
103,7ATfKy3NYMRfK5JZvFQJYX,Vida Loka (Intro),3,29CQLw9uLWsl8Qkz9holfr,Racionais MC's,4HcPzKyKVtcZCwJgesoZWn,"Nada Como um Dia Após o Outro Dia, Vol. 1 & 2",0.863,0.243,8,-17.194,0,0.269,0.0203,0.696,0.101,0.739,160.107,24107,4
104,3QmvdSCjHz45RCHHzoQnaQ,Qual Mentira Vou Acreditar (Ao Vivo),23,29CQLw9uLWsl8Qkz9holfr,Racionais MC's,1nuZiJrGdPaY7PPFHdN746,Racionais Ao Vivo,0.673,0.836,8,-7.844,0,0.367,0.0505,0.0,0.943,0.746,91.008,459347,4
105,7mZHVS1SC9tpjxpWDn6LKt,Genesis,4,29CQLw9uLWsl8Qkz9holfr,Racionais MC's,1UzrzuOmZfBgXyS3pgKD10,Sobrevivendo no Inferno,0.25,0.835,10,-8.152,0,0.455,0.648,1.62e-05,0.513,0.325,87.276,21200,4
106,6KfqOICEzsTSPkKdAffN6V,Voz Átiva - Versão Baile,17,29CQLw9uLWsl8Qkz9holfr,Racionais MC's,4wtgvCPdYPKF8yYPmRiW6a,Escolha o Seu Caminho,0.788,0.893,11,-9.047,0,0.121,0.121,0.0,0.16,0.924,91.251,310067,4
107,0c14FM10q46bBQUPm4EGuU,Fio da Navalha,22,29CQLw9uLWsl8Qkz9holfr,Racionais MC's,3RwDSMSj82TPDkKMnamGeZ,Raio X do Brasil,0.468,0.596,5,-12.556,1,0.0427,0.0146,0.000517,0.251,0.619,142.755,256827,4
108,5IxNPYSXIWT9JfGFrQYRn5,Grand Finale (Ao Vivo),16,29CQLw9uLWsl8Qkz9holfr,Racionais MC's,1nuZiJrGdPaY7PPFHdN746,Racionais Ao Vivo,0.594,0.768,11,-9.159,0,0.442,0.621,1.23e-06,0.203,0.693,101.406,194067,4
109,4KGJG6xLM4PTPt61S7kzui,Brown (Fala 2),0,29CQLw9uLWsl8Qkz9holfr,Racionais MC's,1nuZiJrGdPaY7PPFHdN746,Racionais Ao Vivo,0.624,0.21,10,-15.233,0,0.965,0.919,0.0,0.186,0.961,174.655,24360,3
110,0JSux25Te5HYMSr2D64d02,Levanta e Anda,56,2d9LRvQJnAXRijqIJDDs2K,Emicida,57PWjWHzqzODblomXxnQca,O Glorioso Retorno de Quem Nunca Esteve Aqui,0.488,0.931,9,-4.185,1,0.327,0.0907,0.0,0.446,0.823,87.33,150439,4
111,1d5Hpa1FxneKB3DIgH6OZc,Bonjour,29,2d9LRvQJnAXRijqIJDDs2K,Emicida,1NnQYrdDbqZxzTsNaQuDl9,Bonjour,0.749,0.872,7,-4.982,1,0.218,0.222,0.0,0.607,0.715,100.896,212362,4
112,4HniBnVyH2PPYRoQFJGRtY,AmarElo (Sample: Sujeito de Sorte - Belchior),26,2d9LRvQJnAXRijqIJDDs2K,Emicida,22ltKhPdKZ4IuFrna73xPG,AmarElo,0.555,0.755,8,-6.346,1,0.364,0.0347,1.84e-05,0.0279,0.548,172.081,323187,4
113,3De0GCU6ono03UxXKzRmz3,Passarinhos,26,2d9LRvQJnAXRijqIJDDs2K,Emicida,593RZfvtz4IAPWZpELwqDB,"Sobre Crianças, Quadris, Pesadelos e Lições de Casa...",0.747,0.677,1,-6.24,0,0.157,0.062,0.0,0.109,0.702,159.959,221627,4
114,1EicRoOBP95i5CNcBMGXyA,Sobe junto,55,2d9LRvQJnAXRijqIJDDs2K,Emicida,07yciL9GEXXT0kEzFEsKlt,Sobe junto,0.44,0.547,5,-8.437,0,0.117,0.321,0.0,0.106,0.44,132.029,205440,4
115,56U4QxE79jwTizVnMKdXeN,Pequenas Alegrias da Vida Adulta,24,2d9LRvQJnAXRijqIJDDs2K,Emicida,22ltKhPdKZ4IuFrna73xPG,AmarElo,0.74,0.663,9,-8.006,0,0.494,0.564,0.0,0.0669,0.681,82.019,292013,4
116,48QajhR9A10V7uM2UbIWxO,É tudo pra ontem,23,2d9LRvQJnAXRijqIJDDs2K,Emicida,0ucGkC2GM4IBycOIAw9eBj,É tudo pra ontem,0.641,0.522,2,-10.519,1,0.369,0.769,0.0,0.394,0.627,79.795,310400,4
117,21lNJVuYAlPahd9IE5I0AT,A Ordem Natural das Coisas,24,2d9LRvQJnAXRijqIJDDs2K,Emicida,22ltKhPdKZ4IuFrna73xPG,AmarElo,0.417,0.581,10,-8.646,1,0.151,0.803,0.0161,0.111,0.595,84.746,235867,4
118,5F3mu5GTHwGSCRey0b6TBS,Quem Tem Um Amigo (Tem Tudo),27,2d9LRvQJnAXRijqIJDDs2K,Emicida,22ltKhPdKZ4IuFrna73xPG,AmarElo,0.812,0.903,1,-5.499,0,0.141,0.626,0.0,0.282,0.937,139.022,249000,4
119,2b13f0GSdL1ecyCTAUvZkP,Baiana,24,2d9LRvQJnAXRijqIJDDs2K,Emicida,593RZfvtz4IAPWZpELwqDB,"Sobre Crianças, Quadris, Pesadelos e Lições de Casa...",0.786,0.516,3,-9.161,0,0.043,0.454,0.00527,0.102,0.761,150.04,233320,4
120,28HgkRySCkOPcRcEQwi4V5,Libre,21,2d9LRvQJnAXRijqIJDDs2K,Emicida,22ltKhPdKZ4IuFrna73xPG,AmarElo,0.726,0.896,11,-4.764,0,0.253,0.3,0.0003,0.307,0.824,144.897,169707,4
121,2C9LPYpH9YUgROQDHfRXrU,Hoje Cedo,54,2d9LRvQJnAXRijqIJDDs2K,Emicida,57PWjWHzqzODblomXxnQca,O Glorioso Retorno de Quem Nunca Esteve Aqui,0.726,0.822,8,-5.08,1,0.319,0.0369,0.0,0.169,0.537,80.918,194194,4
122,1XSdNkxhjcKa89AGjySyE4,Principia,22,2d9LRvQJnAXRijqIJDDs2K,Emicida,22ltKhPdKZ4IuFrna73xPG,AmarElo,0.608,0.652,10,-4.979,0,0.29,0.726,0.0,0.171,0.617,127.772,355867,4
123,1a8JXGNz4a9gmiAdEKUpks,Hacia El Amor - Acústico,34,2d9LRvQJnAXRijqIJDDs2K,Emicida,0sVRD9qXjjQIy9E6GY6XIY,Hacia El Amor (Acústico),0.419,0.559,10,-7.677,1,0.143,0.135,1.8e-05,0.111,0.275,79.485,220933,4
124,3bw4LQ0BKYIsvvjJg9UCwy,São Pixinguinha - A COLORS SHOW,42,2d9LRvQJnAXRijqIJDDs2K,Emicida,1Mxg6MjeUTzYwjchfxAZzy,São Pixinguinha - A COLORS SHOW,0.438,0.463,11,-9.588,1,0.07,0.645,0.0,0.211,0.906,70.734,209480,4
125,5yqbISO0lUFwY3wdrLgiR0,Eu Gosto Dela,50,2d9LRvQJnAXRijqIJDDs2K,Emicida,1xTiVYWuLx7GkZN9NLRVEs,Emicidio,0.695,0.543,9,-9.222,0,0.212,0.314,1.37e-06,0.239,0.725,82.802,197747,4
126,6E68v2Wz4x23ymNPEeBjLR,"Cananéia, Iguape e Ilha Comprida",17,2d9LRvQJnAXRijqIJDDs2K,Emicida,22ltKhPdKZ4IuFrna73xPG,AmarElo,0.502,0.7,3,-6.193,1,0.407,0.505,0.0,0.34,0.784,147.652,335600,4
127,2ssA2FSC8MDXPOXs0wTMKy,Eminência Parda,16,2d9LRvQJnAXRijqIJDDs2K,Emicida,22ltKhPdKZ4IuFrna73xPG,AmarElo,0.798,0.785,10,-5.559,0,0.133,0.346,0.0,0.0947,0.275,120.04,247227,4
128,3XELYgcY0b9mGsJE28r4Fh,Triunfo (A Rua É Nóiz),44,2d9LRvQJnAXRijqIJDDs2K,Emicida,3ZA85zeudxFA1NGeb6avXS,Pra Quem Já Mordeu um Cachorro por Comida Até Que Eu Cheguei Longe,0.608,0.909,5,-5.439,0,0.342,0.173,0.0,0.85,0.865,92.172,209373,4
129,24qClfbBpmzvXCgkEPHP2o,"Who has a friend, has everything",21,2d9LRvQJnAXRijqIJDDs2K,Emicida,4oCvS1pR4gLyerGSiRoYwG,Quem tem um amigo (tem tudo),0.852,0.963,6,-4.881,0,0.165,0.426,1.82e-06,0.258,0.87,138.977,221693,4
130,21eijqXX3qY1n56LoqWLEb,9nha,15,2d9LRvQJnAXRijqIJDDs2K,Emicida,22ltKhPdKZ4IuFrna73xPG,AmarElo,0.511,0.793,9,-6.49,1,0.243,0.286,3.18e-05,0.107,0.63,77.613,177480,4
131,7fjz6wqNsU6N2pERnwSmy5,Paisagem,15,2d9LRvQJnAXRijqIJDDs2K,Emicida,22ltKhPdKZ4IuFrna73xPG,AmarElo,0.776,0.722,11,-6.033,1,0.0742,0.259,0.0,0.197,0.835,128.082,189680,4
132,0c68eyAdaqYMdyVBjygaOK,Mil Coisas,44,2d9LRvQJnAXRijqIJDDs2K,Emicida,5531Q6ELSF96I2DG5ECnPY,Mil Coisas,0.745,0.511,9,-9.727,0,0.173,0.318,0.0,0.144,0.758,148.049,202800,4
133,0lvDrCwoPcDV60I7TuQPNI,Ismália,14,2d9LRvQJnAXRijqIJDDs2K,Emicida,22ltKhPdKZ4IuFrna73xPG,AmarElo,0.631,0.724,6,-7.497,0,0.324,0.165,1.56e-06,0.0776,0.36,155.986,357760,4
134,4vGye8oULlqMc4KQJdZYUo,A Cada Vento - Ao Vivo,20,2d9LRvQJnAXRijqIJDDs2K,Emicida,1sGdpZ0Ry0qcNAC6ILv4of,10 Anos de Triunfo (Ao Vivo),0.71,0.8,4,-6.268,0,0.041,0.339,0.0,0.368,0.835,91.884,312680,4
135,3xCvn8jYAetVrxKvH8BLMq,Levanta e Anda (Ao Vivo),14,2d9LRvQJnAXRijqIJDDs2K,Emicida,2vZpxsAyqUDsRgeCvH4bbW,AmarElo (Ao Vivo),0.503,0.932,1,-4.733,0,0.276,0.606,0.0,0.932,0.536,88.517,188422,4
136,25XUxLporfgzl2rf2mtgmj,Beira de Piscina,42,2d9LRvQJnAXRijqIJDDs2K,Emicida,1xTiVYWuLx7GkZN9NLRVEs,Emicidio,0.548,0.727,3,-7.5,0,0.403,0.0689,1.75e-06,0.062,0.706,86.634,228787,4
137,7icuUQaZDLdXQnegSOQ1Cg,Libre,10,2d9LRvQJnAXRijqIJDDs2K,Emicida,3fYZ2XXAmzYAAsEC4oFCvW,Libre,0.724,0.891,11,-4.78,0,0.268,0.28,0.000209,0.404,0.822,144.886,169707,4
138,1HUkH6bBhxL1AIL92CMWtD,Quem Tem um Amigo (tem Tudo) / a Amizade (Ao Vivo),14,2d9LRvQJnAXRijqIJDDs2K,Emicida,2vZpxsAyqUDsRgeCvH4bbW,AmarElo (Ao Vivo),0.696,0.748,4,-9.896,1,0.106,0.803,0.0,0.761,0.612,138.992,371467,4
139,3OMUMFWtTlMMELV2Mg91YB,A Ordem Natural das Coisas / Chiclete Com Banana (Ao Vivo),13,2d9LRvQJnAXRijqIJDDs2K,Emicida,2vZpxsAyqUDsRgeCvH4bbW,AmarElo (Ao Vivo),0.309,0.553,10,-10.571,1,0.0527,0.804,0.00127,0.644,0.457,75.909,340080,4
140,4ISzjBTl6xqcjfXAncvWMX,Hoje Cedo (Ao Vivo),13,2d9LRvQJnAXRijqIJDDs2K,Emicida,2vZpxsAyqUDsRgeCvH4bbW,AmarElo (Ao Vivo),0.401,0.863,10,-5.953,0,0.299,0.277,0.0,0.317,0.375,83.046,224320,4
141,4gUGfHG4CinE9vrCEBAPGF,Ooorra - Ao Vivo,18,2d9LRvQJnAXRijqIJDDs2K,Emicida,1sGdpZ0Ry0qcNAC6ILv4of,10 Anos de Triunfo (Ao Vivo),0.528,0.683,7,-8.255,1,0.508,0.562,0.0,0.951,0.715,77.456,284693,1
142,5rwkh6dTeXkXtaqxn4pzzW,Pequenas Alegrias da Vida Adulta (Ao Vivo),13,2d9LRvQJnAXRijqIJDDs2K,Emicida,2vZpxsAyqUDsRgeCvH4bbW,AmarElo (Ao Vivo),0.653,0.835,9,-8.15,0,0.151,0.615,0.0,0.941,0.644,164.079,245667,4
143,4TvD5kNH8uPKbweoDRQFRi,Alma Gêmea (Ao Vivo),13,2d9LRvQJnAXRijqIJDDs2K,Emicida,2vZpxsAyqUDsRgeCvH4bbW,AmarElo (Ao Vivo),0.549,0.541,6,-8.716,1,0.0289,0.652,0.0,0.877,0.246,149.94,152107,3
144,7eOnNyh5a7zWCv33BPWdCK,"AmarElo (Sample: ""Sujeito de Sorte"" - Belchior) [Ao Vivo]",13,2d9LRvQJnAXRijqIJDDs2K,Emicida,2vZpxsAyqUDsRgeCvH4bbW,AmarElo (Ao Vivo),0.311,0.804,8,-8.021,1,0.129,0.103,7.29e-06,0.711,0.45,85.865,338251,4
145,4vHOJK3A4vxlMjVEBdL8Xs,Rua Augusta,40,2d9LRvQJnAXRijqIJDDs2K,Emicida,1xTiVYWuLx7GkZN9NLRVEs,Emicidio,0.677,0.634,1,-8.484,1,0.262,0.0489,0.00169,0.432,0.664,88.126,153053,4
146,5zDFncR9v2wURJSqvV5mIc,Madagascar (Ao Vivo),13,2d9LRvQJnAXRijqIJDDs2K,Emicida,2vZpxsAyqUDsRgeCvH4bbW,AmarElo (Ao Vivo),0.704,0.61,5,-7.971,0,0.0321,0.729,0.0,0.237,0.184,119.965,146267,4
147,3oA8ovg8QzMjPTwG7kezA3,Pantera Negra,42,2d9LRvQJnAXRijqIJDDs2K,Emicida,235FXq3fhpJ3VqUX5Qjvrj,Pantera Negra,0.557,0.611,10,-6.448,0,0.144,0.0058,0.0,0.103,0.393,78.819,199613,4
148,3tJPVeNIvz1AWtQZXYZagx,Num É Só Ver,37,2d9LRvQJnAXRijqIJDDs2K,Emicida,24FRiS4aTYXDcL48UPknP7,Doozicabraba e a Revolução Silenciosa,0.743,0.845,6,-3.972,0,0.192,0.181,0.0,0.0608,0.961,91.054,258667,4
149,0h5nuaoLNZMN1vA18JMZEA,Madagascar,11,2d9LRvQJnAXRijqIJDDs2K,Emicida,593RZfvtz4IAPWZpELwqDB,"Sobre Crianças, Quadris, Pesadelos e Lições de Casa...",0.759,0.61,5,-8.087,0,0.145,0.327,0.0,0.15,0.441,117.892,232733,4
150,571A3aM2zjrdq068XfFl2H,Baiana (Ao Vivo),12,2d9LRvQJnAXRijqIJDDs2K,Emicida,2vZpxsAyqUDsRgeCvH4bbW,AmarElo (Ao Vivo),0.601,0.664,1,-10.072,1,0.0444,0.595,0.0,0.365,0.665,149.996,249467,4
151,2LgGnYzNC2JS8PPov2PukJ,Mandume,10,2d9LRvQJnAXRijqIJDDs2K,Emicida,593RZfvtz4IAPWZpELwqDB,"Sobre Crianças, Quadris, Pesadelos e Lições de Casa...",0.702,0.738,9,-7.695,1,0.386,0.322,0.0,0.666,0.665,145.064,495600,4
152,5XlSsxpTi0usJnQSUwBORk,"Trevo, Figuinha e Suor na Camisa",41,2d9LRvQJnAXRijqIJDDs2K,Emicida,5AYV4MJslPN48xaab39ZuW,"Trevo, Figuinha e Suor na Camisa",0.546,0.597,8,-7.607,0,0.442,0.605,1.93e-06,0.147,0.644,97.976,170453,4
153,7yZop9j7Mre7oGLkHOV67T,Oásis - Ao Vivo,17,2d9LRvQJnAXRijqIJDDs2K,Emicida,1sGdpZ0Ry0qcNAC6ILv4of,10 Anos de Triunfo (Ao Vivo),0.571,0.606,4,-8.353,0,0.0473,0.455,0.0,0.72,0.373,138.034,234840,4
154,6Vad22SlhO3g0OevENcO4X,Hino Vira-Lata,30,2d9LRvQJnAXRijqIJDDs2K,Emicida,57PWjWHzqzODblomXxnQca,O Glorioso Retorno de Quem Nunca Esteve Aqui,0.666,0.935,1,-3.686,1,0.073,0.0515,0.0,0.215,0.932,91.044,192522,4
155,4XlMzWC8jUKd6nTXcQmWF8,Alma Gêmea,39,2d9LRvQJnAXRijqIJDDs2K,Emicida,57PWjWHzqzODblomXxnQca,O Glorioso Retorno de Quem Nunca Esteve Aqui,0.815,0.414,6,-6.125,1,0.0524,0.135,0.000793,0.0841,0.704,141.056,240118,3
156,1M0AS6ZHfHy5r48GafeyEp,9nha / Eu Gosto Dela (Ao Vivo),11,2d9LRvQJnAXRijqIJDDs2K,Emicida,2vZpxsAyqUDsRgeCvH4bbW,AmarElo (Ao Vivo),0.449,0.766,9,-6.878,1,0.11,0.224,0.0,0.792,0.484,79.917,305213,4
157,6s3ePt0t4p7tsjSBmYGH1K,Mãe,10,2d9LRvQJnAXRijqIJDDs2K,Emicida,593RZfvtz4IAPWZpELwqDB,"Sobre Crianças, Quadris, Pesadelos e Lições de Casa...",0.63,0.662,8,-9.314,1,0.317,0.467,0.000188,0.117,0.396,75.993,298227,4
158,6ZkZHUxc82SLbvSv9O6HnZ,Pantera Negra (Ao Vivo),12,2d9LRvQJnAXRijqIJDDs2K,Emicida,2vZpxsAyqUDsRgeCvH4bbW,AmarElo (Ao Vivo),0.552,0.85,10,-6.686,0,0.266,0.233,0.0,0.559,0.642,83.701,191933,4
159,7LsxnS3jwRa0EB7Gq78lkf,Sol de Giz de Cera,37,2d9LRvQJnAXRijqIJDDs2K,Emicida,57PWjWHzqzODblomXxnQca,O Glorioso Retorno de Quem Nunca Esteve Aqui,0.64,0.401,0,-11.351,0,0.213,0.837,6.92e-05,0.13,0.617,153.736,138449,4
160,1ChzXAISNhCVl7R9L5DWji,Boa Esperança (Ao Vivo),10,2d9LRvQJnAXRijqIJDDs2K,Emicida,2vZpxsAyqUDsRgeCvH4bbW,AmarElo (Ao Vivo),0.661,0.843,9,-8.414,0,0.248,0.382,0.0,0.692,0.468,86.007,210788,4
161,7hOPOvcVUjUtFYbHWuoZoh,I Love Quebrada,28,2d9LRvQJnAXRijqIJDDs2K,Emicida,1xTiVYWuLx7GkZN9NLRVEs,Emicidio,0.817,0.493,6,-11.677,0,0.276,0.00216,2.52e-05,0.319,0.892,81.01,216600,4
162,0GYG1n1RyjjjPQc5FCYe1S,Como Tudo Deve Ser - Ao Vivo,14,2d9LRvQJnAXRijqIJDDs2K,Emicida,1sGdpZ0Ry0qcNAC6ILv4of,10 Anos de Triunfo (Ao Vivo),0.481,0.618,1,-9.204,0,0.0435,0.586,0.0,0.708,0.248,151.931,175880,4
163,79fXV8entXVYxvfy6DMZsa,Gueto (Ao Vivo),10,2d9LRvQJnAXRijqIJDDs2K,Emicida,2vZpxsAyqUDsRgeCvH4bbW,AmarElo (Ao Vivo),0.679,0.783,5,-5.797,0,0.0529,0.103,0.0,0.934,0.524,140.024,193955,4
164,0V2a4eRUbWuKAwDVl0ENdI,Bang - Ao Vivo,15,2d9LRvQJnAXRijqIJDDs2K,Emicida,1sGdpZ0Ry0qcNAC6ILv4of,10 Anos de Triunfo (Ao Vivo),0.422,0.846,5,-8.352,0,0.497,0.493,0.0,0.923,0.392,154.085,353613,4
165,4SU3ZAVGAhdGtSXhbMGfd8,Hacia El Amor,23,2d9LRvQJnAXRijqIJDDs2K,Emicida,7JsJiwACrgO2YBoWAzpPLa,Hacia El Amor,0.645,0.651,11,-8.544,0,0.219,0.0878,5.65e-05,0.185,0.359,170.067,217347,4
166,3jedvugeYqpFoX6eOl2L9i,Hoje Cedo - Ao Vivo,12,2d9LRvQJnAXRijqIJDDs2K,Emicida,1sGdpZ0Ry0qcNAC6ILv4of,10 Anos de Triunfo (Ao Vivo),0.457,0.886,10,-5.984,0,0.41,0.572,0.0,0.973,0.36,80.176,342000,4
167,6AieYxzuh4OQErDGZHr4x4,A Chapa é Quente (Ao Vivo),10,2d9LRvQJnAXRijqIJDDs2K,Emicida,2vZpxsAyqUDsRgeCvH4bbW,AmarElo (Ao Vivo),0.767,0.743,5,-7.105,0,0.106,0.54,0.0,0.291,0.653,120.092,232573,4
168,4ykVJQuMwcN77IFUlxQ9GT,Hino Vira-Lata - Ao Vivo,13,2d9LRvQJnAXRijqIJDDs2K,Emicida,1sGdpZ0Ry0qcNAC6ILv4of,10 Anos de Triunfo (Ao Vivo),0.705,0.897,5,-6.852,0,0.176,0.248,0.0,0.711,0.683,90.938,237133,4
169,4IqUBl06wpQRdzsXMARTHu,"Cananéia, Iguape e Ilha Comprida (Ao Vivo)",11,2d9LRvQJnAXRijqIJDDs2K,Emicida,2vZpxsAyqUDsRgeCvH4bbW,AmarElo (Ao Vivo),0.661,0.721,3,-8.738,1,0.091,0.663,2.13e-06,0.484,0.759,75.044,264080,4
170,4KQtRSg8TlUn11cR0yjbX3,Mãe - Ao Vivo,15,2d9LRvQJnAXRijqIJDDs2K,Emicida,1sGdpZ0Ry0qcNAC6ILv4of,10 Anos de Triunfo (Ao Vivo),0.525,0.764,8,-8.478,1,0.318,0.27,0.0,0.735,0.374,76.066,297693,4
171,6w5CrfQw4eKjnHmVUsybiq,I Love Quebrada - Ao Vivo,13,2d9LRvQJnAXRijqIJDDs2K,Emicida,1sGdpZ0Ry0qcNAC6ILv4of,10 Anos de Triunfo (Ao Vivo),0.637,0.858,1,-5.216,1,0.259,0.39,0.0,0.929,0.605,142.201,198867,4
172,0ltlsI3iNhXHiZVPotq3NM,Todos os Olhos em Nóiz - Ao Vivo,14,2d9LRvQJnAXRijqIJDDs2K,Emicida,1sGdpZ0Ry0qcNAC6ILv4of,10 Anos de Triunfo (Ao Vivo),0.587,0.802,0,-6.645,1,0.3,0.31,0.0,0.953,0.358,67.301,285160,4
173,15J0SkuFxkrJyt13n7DoKU,Libre (Ao Vivo),10,2d9LRvQJnAXRijqIJDDs2K,Emicida,2vZpxsAyqUDsRgeCvH4bbW,AmarElo (Ao Vivo),0.497,0.855,11,-5.811,0,0.191,0.493,0.0,0.835,0.383,144.374,185236,4
174,5txZzPfrDAMLbxJr3OoG3c,Trepadeira,34,2d9LRvQJnAXRijqIJDDs2K,Emicida,57PWjWHzqzODblomXxnQca,O Glorioso Retorno de Quem Nunca Esteve Aqui,0.715,0.721,10,-4.483,0,0.384,0.33,0.0,0.783,0.884,81.258,282932,4
175,26a4RUretcmm9PyjFLDj1e,Casa,9,2d9LRvQJnAXRijqIJDDs2K,Emicida,593RZfvtz4IAPWZpELwqDB,"Sobre Crianças, Quadris, Pesadelos e Lições de Casa...",0.699,0.471,4,-9.948,0,0.1,0.0044,0.0,0.228,0.722,93.002,241120,4
176,3mgAC4UHR6G5xpF6N4LNLr,Zóião,32,2d9LRvQJnAXRijqIJDDs2K,Emicida,57PWjWHzqzODblomXxnQca,O Glorioso Retorno de Quem Nunca Esteve Aqui,0.694,0.523,2,-9.225,1,0.204,0.0152,0.000237,0.111,0.299,79.26,232960,1
177,7ldnvANWzEovxmKvxzTnj9,Eminência Parda (Ao Vivo),10,2d9LRvQJnAXRijqIJDDs2K,Emicida,2vZpxsAyqUDsRgeCvH4bbW,AmarElo (Ao Vivo),0.713,0.833,10,-5.995,0,0.079,0.677,0.0,0.742,0.384,120.042,244028,4
178,3c1smuVhky0lZMlenB2xvY,Triunfo - Ao Vivo,14,2d9LRvQJnAXRijqIJDDs2K,Emicida,1sGdpZ0Ry0qcNAC6ILv4of,10 Anos de Triunfo (Ao Vivo),0.467,0.893,1,-6.028,1,0.392,0.14,0.0,0.951,0.685,95.963,259360,4
179,5fKqHamS4h3bZk6lwvoSxD,Levanta e Anda,35,2d9LRvQJnAXRijqIJDDs2K,Emicida,7GKPjR6AqRjOY8G3U2RN7t,Levanta e Anda,0.734,0.85,9,-4.967,1,0.232,0.0287,0.0,0.105,0.926,90.028,173812,4
180,5EqGjbo9XYrgIV7Kn0Lx8L,A Cada Vento,34,2d9LRvQJnAXRijqIJDDs2K,Emicida,3ZA85zeudxFA1NGeb6avXS,Pra Quem Já Mordeu um Cachorro por Comida Até Que Eu Cheguei Longe,0.864,0.518,11,-11.252,0,0.1,0.009,0.0287,0.172,0.677,95.023,207547,4
181,2S5RamcTYusc5N7MKtudoo,"Zica, Vai Lá - Ao Vivo",12,2d9LRvQJnAXRijqIJDDs2K,Emicida,1sGdpZ0Ry0qcNAC6ILv4of,10 Anos de Triunfo (Ao Vivo),0.629,0.84,7,-6.022,0,0.157,0.0239,0.0,0.818,0.341,81.765,247133,4
182,5HumvNuj8dTzgdbN3Xisrn,Paisagem (Ao Vivo),9,2d9LRvQJnAXRijqIJDDs2K,Emicida,2vZpxsAyqUDsRgeCvH4bbW,AmarElo (Ao Vivo),0.766,0.631,1,-9.065,0,0.0394,0.185,0.0,0.395,0.523,128.033,192613,4
183,0Zli2GQT2t2Cdn5Y5FxMN2,"Zica, Vai Lá...",34,2d9LRvQJnAXRijqIJDDs2K,Emicida,24FRiS4aTYXDcL48UPknP7,Doozicabraba e a Revolução Silenciosa,0.712,0.784,10,-4.505,0,0.322,0.0421,0.0,0.344,0.493,163.307,242027,4
184,7invwIucvRT7MQx2KlvPUg,Ela Diz,34,2d9LRvQJnAXRijqIJDDs2K,Emicida,3ZA85zeudxFA1NGeb6avXS,Pra Quem Já Mordeu um Cachorro por Comida Até Que Eu Cheguei Longe,0.808,0.494,2,-10.822,1,0.299,0.483,0.0,0.132,0.938,83.161,209973,4
185,6ttr8uK3KcGCnTghOm3hwN,Crisântemo,32,2d9LRvQJnAXRijqIJDDs2K,Emicida,57PWjWHzqzODblomXxnQca,O Glorioso Retorno de Quem Nunca Esteve Aqui,0.693,0.699,10,-6.895,0,0.419,0.316,2.55e-06,0.103,0.536,145.941,316604,4
186,2tcNin6noNygyGiLocD07c,Eu Tô Bem,33,2d9LRvQJnAXRijqIJDDs2K,Emicida,3ZA85zeudxFA1NGeb6avXS,Pra Quem Já Mordeu um Cachorro por Comida Até Que Eu Cheguei Longe,0.701,0.846,1,-7.819,1,0.327,0.128,0.0,0.515,0.813,90.976,198493,4
187,0imiKTAc5BffkEJ3pDkBk0,"Aos Olhos de uma Criança - Tema do Filme ""O Menino e o Mundo""",30,2d9LRvQJnAXRijqIJDDs2K,Emicida,1zAupkIVUJedJEWZRD9144,"Aos Olhos de uma Criança (Tema do Filme ""O Menino e o Mundo"")",0.527,0.408,10,-17.843,0,0.344,0.835,0.00672,0.0994,0.375,179.48,208967,4
188,5GVpjv6XzEzqHdfdJgpcij,Ela - Língua Franca,33,2d9LRvQJnAXRijqIJDDs2K,Emicida,0CQ5qCRYfiJL8Ot2MOc0RL,Ela (Língua Franca),0.472,0.521,6,-10.326,1,0.259,0.351,0.0,0.0888,0.226,169.771,223573,4
189,08ruTdy0c38Lr44UgJNwAi,Bang!,34,2d9LRvQJnAXRijqIJDDs2K,Emicida,57PWjWHzqzODblomXxnQca,O Glorioso Retorno de Quem Nunca Esteve Aqui,0.584,0.791,5,-5.367,0,0.343,0.127,0.0,0.142,0.823,76.069,290586,4
190,4g5TnkdXNC2blq6pBS22Ig,Então Toma,32,2d9LRvQJnAXRijqIJDDs2K,Emicida,1xTiVYWuLx7GkZN9NLRVEs,Emicidio,0.55,0.993,10,-6.282,0,0.301,0.379,0.0,0.346,0.29,74.205,166587,1
191,22RsozOAtPlJVDtvQlh93u,Nóiz,33,2d9LRvQJnAXRijqIJDDs2K,Emicida,57PWjWHzqzODblomXxnQca,O Glorioso Retorno de Quem Nunca Esteve Aqui,0.693,0.87,8,-4.54,1,0.372,0.19,0.0,0.198,0.839,159.687,321541,4
192,6uottiJzSnnRsxwoavPg6O,Sei Lá,35,2d9LRvQJnAXRijqIJDDs2K,Emicida,3ZA85zeudxFA1NGeb6avXS,Pra Quem Já Mordeu um Cachorro por Comida Até Que Eu Cheguei Longe,0.811,0.455,11,-12.939,1,0.463,0.394,0.0,0.417,0.662,89.054,226067,4
193,43VXAdy8zYyWNEG93BiqTx,Ubuntu Fristaili - Ao Vivo,12,2d9LRvQJnAXRijqIJDDs2K,Emicida,1sGdpZ0Ry0qcNAC6ILv4of,10 Anos de Triunfo (Ao Vivo),0.543,0.803,5,-7.706,0,0.288,0.0874,0.0,0.974,0.739,201.998,267400,3
194,1ZN5EnxScmBM9stqKkXxPM,Ooorra...(A Que Deu Nome a Mixtape),33,2d9LRvQJnAXRijqIJDDs2K,Emicida,3ZA85zeudxFA1NGeb6avXS,Pra Quem Já Mordeu um Cachorro por Comida Até Que Eu Cheguei Longe,0.578,0.784,0,-7.04,1,0.358,0.13,0.0,0.228,0.807,114.695,239653,3
195,5emUj7FNexLsdhdcUjMm02,Levanta e Anda - Ao Vivo,10,2d9LRvQJnAXRijqIJDDs2K,Emicida,1sGdpZ0Ry0qcNAC6ILv4of,10 Anos de Triunfo (Ao Vivo),0.381,0.872,1,-6.295,0,0.357,0.281,0.0,0.947,0.637,80.712,192253,4
196,2eCgXgLHfGxIl2MxE9OqPY,Mufete - Ao Vivo,12,2d9LRvQJnAXRijqIJDDs2K,Emicida,1sGdpZ0Ry0qcNAC6ILv4of,10 Anos de Triunfo (Ao Vivo),0.661,0.826,7,-7.481,1,0.124,0.0907,0.0,0.97,0.466,92.913,302867,4
197,2D43w41z3UXGdffG2hRJet,Alma Gêmea - Ao Vivo,11,2d9LRvQJnAXRijqIJDDs2K,Emicida,1sGdpZ0Ry0qcNAC6ILv4of,10 Anos de Triunfo (Ao Vivo),0.613,0.56,6,-8.505,1,0.0283,0.524,0.0,0.428,0.572,140.875,242507,3
198,6ZEJCYvM9fA4J8caTISj3z,Quer Saber?,32,2d9LRvQJnAXRijqIJDDs2K,Emicida,36hxSCqB8A4hpUxhrH9zbZ,Sua Mina Ouve Meu Rep Tamem,0.725,0.594,11,-9.813,1,0.443,0.153,0.0,0.0988,0.55,88.79,215720,4
199,0zUF40Gv49uGEhQnf5vBRu,Só Isso,34,2d9LRvQJnAXRijqIJDDs2K,Emicida,3ZA85zeudxFA1NGeb6avXS,Pra Quem Já Mordeu um Cachorro por Comida Até Que Eu Cheguei Longe,0.673,0.68,11,-10.815,0,0.509,0.718,0.0,0.492,0.773,91.644,231533,4
200,24C4UACzRLocJHoicrvQH3,Samba do Fim do Mundo,31,2d9LRvQJnAXRijqIJDDs2K,Emicida,57PWjWHzqzODblomXxnQca,O Glorioso Retorno de Quem Nunca Esteve Aqui,0.443,0.876,11,-6.051,0,0.366,0.0465,0.0,0.105,0.598,86.278,219324,4
201,0fdGra367Tm8XvXFH0dR9C,Rinha - Ao Vivo,11,2d9LRvQJnAXRijqIJDDs2K,Emicida,1sGdpZ0Ry0qcNAC6ILv4of,10 Anos de Triunfo (Ao Vivo),0.453,0.93,10,-6.965,0,0.445,0.168,0.0,0.946,0.61,184.57,131920,4
202,1rBXyMvndiFbnETUjgHeAR,Salve Black (Estilo Livre),7,2d9LRvQJnAXRijqIJDDs2K,Emicida,593RZfvtz4IAPWZpELwqDB,"Sobre Crianças, Quadris, Pesadelos e Lições de Casa...",0.683,0.863,5,-7.154,0,0.139,0.272,5.55e-06,0.424,0.792,93.94,283063,4
203,4k9Ik0Ttw0FVQDsSNNyItA,"Papel, Caneta e Coração",33,2d9LRvQJnAXRijqIJDDs2K,Emicida,1IWJUsvmUb2e06hU4ZVhtJ,"Papel, Caneta e Coração",0.591,0.59,0,-7.671,1,0.266,0.106,0.0,0.115,0.205,81.985,171307,4
204,0gg3CdFwZ6pw2YAqoIq5lN,Passarinhos (Remix),40,2d9LRvQJnAXRijqIJDDs2K,Emicida,0VkPkc6tXvv5x8e9N4VuBQ,Passarinhos (Remix),0.616,0.843,1,-7.615,0,0.0533,0.00839,0.000171,0.269,0.834,172.046,275707,4
205,3S2E57EGYXr1MpQKLJFBeH,Chapa - Ao Vivo,14,2d9LRvQJnAXRijqIJDDs2K,Emicida,1sGdpZ0Ry0qcNAC6ILv4of,10 Anos de Triunfo (Ao Vivo),0.676,0.584,0,-9.382,1,0.0456,0.312,0.0,0.742,0.555,140.145,282107,4
206,1SZ24ixcIHpQsbsUZOcjd8,Principia (Ao Vivo),9,2d9LRvQJnAXRijqIJDDs2K,Emicida,2vZpxsAyqUDsRgeCvH4bbW,AmarElo (Ao Vivo),0.451,0.669,1,-6.734,1,0.0613,0.759,0.0,0.908,0.423,126.614,517111,4
207,5ZylDb91RQO6ZSRlK21DLQ,Boa Esperança,6,2d9LRvQJnAXRijqIJDDs2K,Emicida,593RZfvtz4IAPWZpELwqDB,"Sobre Crianças, Quadris, Pesadelos e Lições de Casa...",0.486,0.973,4,-4.367,0,0.318,0.11,0.0,0.208,0.589,83.12,182880,4
208,53f6IjQn8PiyrsfP8Lsfia,Baiana - Ao Vivo,10,2d9LRvQJnAXRijqIJDDs2K,Emicida,1sGdpZ0Ry0qcNAC6ILv4of,10 Anos de Triunfo (Ao Vivo),0.68,0.862,10,-5.918,0,0.0469,0.171,0.000959,0.162,0.797,149.966,253853,4
209,197yRlfJ8heEYu1opr7Th0,A Chapa É Quente - Ao Vivo,10,2d9LRvQJnAXRijqIJDDs2K,Emicida,1sGdpZ0Ry0qcNAC6ILv4of,10 Anos de Triunfo (Ao Vivo),0.675,0.779,1,-7.169,1,0.257,0.231,0.0,0.928,0.449,124.831,248867,4
210,4JUrsxuMnWhVhC0pGCELqv,Nóiz - Ao Vivo,11,2d9LRvQJnAXRijqIJDDs2K,Emicida,1sGdpZ0Ry0qcNAC6ILv4of,10 Anos de Triunfo (Ao Vivo),0.485,0.916,6,-5.847,1,0.203,0.277,0.0,0.284,0.875,79.36,139467,4
211,4mg2LyytWtH8nUImWsw6YV,AmarElo (Sample: Sujeito de Sorte - Belchior),6,2d9LRvQJnAXRijqIJDDs2K,Emicida,1OVZwlN9x4DcrpX3oLL3OH,AmarElo (Sample: Sujeito de Sorte - Belchior),0.552,0.76,8,-6.366,1,0.372,0.035,2.21e-05,0.0277,0.502,171.748,321493,4
212,5of6O7ROpZrlP3OvfeFQ9A,8,7,2d9LRvQJnAXRijqIJDDs2K,Emicida,593RZfvtz4IAPWZpELwqDB,"Sobre Crianças, Quadris, Pesadelos e Lições de Casa...",0.622,0.764,10,-8.553,0,0.366,0.104,1.46e-06,0.0578,0.593,85.159,209453,4
213,11EwENgj6ssityd6UW6ZN3,Rinha (Já Ouviu Falar?),29,2d9LRvQJnAXRijqIJDDs2K,Emicida,1xTiVYWuLx7GkZN9NLRVEs,Emicidio,0.6,0.799,2,-7.813,1,0.333,0.121,0.000644,0.62,0.761,91.669,127000,4
214,0H8QMg6R44DM9nVll6Ryub,Gueto / Os Mlk É Liso - Ao Vivo,9,2d9LRvQJnAXRijqIJDDs2K,Emicida,1sGdpZ0Ry0qcNAC6ILv4of,10 Anos de Triunfo (Ao Vivo),0.629,0.87,10,-6.735,0,0.166,0.558,0.0,0.945,0.61,140.057,205200,4
215,4dAUOtAYGbzKSKIJpY78OO,Milionário do Sonho,29,2d9LRvQJnAXRijqIJDDs2K,Emicida,57PWjWHzqzODblomXxnQca,O Glorioso Retorno de Quem Nunca Esteve Aqui,0.718,0.285,10,-11.493,1,0.91,0.416,0.0,0.404,0.929,126.738,50181,4
216,6RSfkVnBafdudVxVS2122W,Madagascar - Ao Vivo,10,2d9LRvQJnAXRijqIJDDs2K,Emicida,1sGdpZ0Ry0qcNAC6ILv4of,10 Anos de Triunfo (Ao Vivo),0.669,0.68,5,-8.3,0,0.0507,0.301,0.0,0.952,0.418,117.986,239107,4
217,55gISvc5I59OBzEXfkG7hT,(A)tensão! - Língua Franca,9,2d9LRvQJnAXRijqIJDDs2K,Emicida,2YChVRWTV5GzvdcCFvyoT0,Língua Franca,0.759,0.719,5,-6.53,0,0.0775,0.134,2.35e-06,0.195,0.364,140.043,222027,4
218,0kvRmw3KwsNpkqu0Idfxrc,Inácio da Catingueira,31,2d9LRvQJnAXRijqIJDDs2K,Emicida,3eLKITLeHPsbYEjCB0EIuO,Inácio da Catingueira,0.698,0.551,1,-8.826,1,0.394,0.368,0.0,0.0752,0.451,87.744,235413,4
219,0TAjOgOFn8acTTjswI27WI,Velhos Amigos,31,2d9LRvQJnAXRijqIJDDs2K,Emicida,1xTiVYWuLx7GkZN9NLRVEs,Emicidio,0.652,0.557,6,-8.453,1,0.317,0.0434,0.000188,0.0832,0.673,85.193,223187,4
220,3w3n1qclgTVw38IJoov6xO,Gueto,30,2d9LRvQJnAXRijqIJDDs2K,Emicida,57PWjWHzqzODblomXxnQca,O Glorioso Retorno de Quem Nunca Esteve Aqui,0.7,0.924,0,-4.236,1,0.0834,0.0366,1.8e-06,0.421,0.686,139.902,184216,4
221,1LjrmhLx8eH9rcwhpU5GIy,Ubuntu Fristili,31,2d9LRvQJnAXRijqIJDDs2K,Emicida,57PWjWHzqzODblomXxnQca,O Glorioso Retorno de Quem Nunca Esteve Aqui,0.587,0.691,7,-5.196,1,0.435,0.0686,0.0,0.27,0.759,100.957,286955,3
222,0aK5pOk6Xo2hB2Mto0vSBa,Ainda Ontem,31,2d9LRvQJnAXRijqIJDDs2K,Emicida,3ZA85zeudxFA1NGeb6avXS,Pra Quem Já Mordeu um Cachorro por Comida Até Que Eu Cheguei Longe,0.903,0.535,1,-8.843,1,0.253,0.245,0.0,0.0984,0.466,88.996,217347,4
223,1LHJFQvjlsbNMdaUfATEDi,Final dos Tempos,28,2d9LRvQJnAXRijqIJDDs2K,Emicida,4U1ciyOHQJHgZSgoCL84vM,Final dos Tempos,0.665,0.611,8,-7.576,0,0.442,0.399,0.0,0.197,0.593,87.77,176973,4
224,08n8EZTWNthUBFjpGallBS,Chapa,5,2d9LRvQJnAXRijqIJDDs2K,Emicida,593RZfvtz4IAPWZpELwqDB,"Sobre Crianças, Quadris, Pesadelos e Lições de Casa...",0.777,0.511,0,-8.111,1,0.0947,0.225,1.21e-05,0.136,0.622,140.221,278987,4
225,6Lbp3RoCLwdETIRL4LCwDA,Cê Lá Faz Idéia?,32,2d9LRvQJnAXRijqIJDDs2K,Emicida,1xTiVYWuLx7GkZN9NLRVEs,Emicidio,0.718,0.655,6,-7.86,0,0.381,0.0109,0.0,0.179,0.569,89.926,138467,4
226,2QlM7fOgPNyVKH7YA6UYJV,Intro (É Necessário Voltar ao Começo),29,2d9LRvQJnAXRijqIJDDs2K,Emicida,3ZA85zeudxFA1NGeb6avXS,Pra Quem Já Mordeu um Cachorro por Comida Até Que Eu Cheguei Longe,0.649,0.523,4,-8.124,0,0.492,0.617,0.0,0.194,0.555,139.555,337773,4
227,1dlwq2SjJVpp1KRlzzeXXg,Sozim,32,2d9LRvQJnAXRijqIJDDs2K,Emicida,3ZA85zeudxFA1NGeb6avXS,Pra Quem Já Mordeu um Cachorro por Comida Até Que Eu Cheguei Longe,0.803,0.678,9,-10.808,0,0.355,0.297,0.0,0.206,0.804,90.018,194240,4
228,1qhAtTklCGQEgnU2ivchW4,Sorrisos e Lágrimas,28,2d9LRvQJnAXRijqIJDDs2K,Emicida,24FRiS4aTYXDcL48UPknP7,Doozicabraba e a Revolução Silenciosa,0.646,0.829,7,-4.099,0,0.283,0.236,0.0,0.345,0.81,90.356,174040,4
229,5enxx9qqUre9Rqydpv2dEH,Modo de Voo - Língua Franca,8,2d9LRvQJnAXRijqIJDDs2K,Emicida,2YChVRWTV5GzvdcCFvyoT0,Língua Franca,0.835,0.705,11,-7.693,1,0.183,0.129,0.0,0.123,0.83,160.001,201333,4
230,4SAWsxWbzoQMjaVTHTAXHT,Ismália (Ao Vivo),7,2d9LRvQJnAXRijqIJDDs2K,Emicida,2vZpxsAyqUDsRgeCvH4bbW,AmarElo (Ao Vivo),0.509,0.676,6,-9.184,0,0.127,0.399,7.57e-06,0.121,0.241,155.915,399318,4
231,1JGmmlyyoClHQsGsQQHtsW,Outras Palavras,29,2d9LRvQJnAXRijqIJDDs2K,Emicida,3ZA85zeudxFA1NGeb6avXS,Pra Quem Já Mordeu um Cachorro por Comida Até Que Eu Cheguei Longe,0.813,0.57,7,-10.844,0,0.209,0.653,0.0,0.501,0.762,110.074,221267,4
232,4f8YOQ9FIuoh3AbSEfHZFB,Amoras,6,2d9LRvQJnAXRijqIJDDs2K,Emicida,593RZfvtz4IAPWZpELwqDB,"Sobre Crianças, Quadris, Pesadelos e Lições de Casa...",0.653,0.419,2,-11.864,1,0.447,0.855,0.0,0.271,0.826,87.708,56933,3
233,1vhEndyuQUuyZVYJgzPRSL,Passarinhos - Ao Vivo,11,2d9LRvQJnAXRijqIJDDs2K,Emicida,1sGdpZ0Ry0qcNAC6ILv4of,10 Anos de Triunfo (Ao Vivo),0.638,0.79,1,-6.86,0,0.0365,0.401,0.0,0.861,0.655,80.013,222467,4
234,1JzTxNRbn4qqMzkpuEOjlX,Mandume - Ao Vivo,9,2d9LRvQJnAXRijqIJDDs2K,Emicida,1sGdpZ0Ry0qcNAC6ILv4of,10 Anos de Triunfo (Ao Vivo),0.586,0.906,6,-6.322,0,0.595,0.442,0.0,0.979,0.494,144.757,647667,4
235,3u5gwRpfb4BCjqvmi7SuT8,Sementes,30,2d9LRvQJnAXRijqIJDDs2K,Emicida,29Kl0YXBxv72UGgM8McFv0,Sementes,0.746,0.685,11,-8.039,0,0.268,0.294,0.0,0.0637,0.846,80.033,236907,4
236,2z39qAqEgZUC7vJUnatv5Y,Rotina,30,2d9LRvQJnAXRijqIJDDs2K,Emicida,3ZA85zeudxFA1NGeb6avXS,Pra Quem Já Mordeu um Cachorro por Comida Até Que Eu Cheguei Longe,0.556,0.695,11,-10.493,0,0.451,0.435,0.0,0.491,0.786,179.762,170587,4
237,7p7gRmIidSlIYrGNaaLYDK,E.M.I.C.I.D.A (Adoooro),30,2d9LRvQJnAXRijqIJDDs2K,Emicida,3ZA85zeudxFA1NGeb6avXS,Pra Quem Já Mordeu um Cachorro por Comida Até Que Eu Cheguei Longe,0.632,0.777,10,-6.185,0,0.384,0.0742,0.0,0.118,0.816,84.804,204840,4
238,7zvTUP7AJlZWyJ1S6rYOwP,Nóiz,20,2d9LRvQJnAXRijqIJDDs2K,Emicida,4UqGzHq5gbqDhFI27IPVd2,O Glorioso Retorno de Quem Nunca Esteve Aqui,0.726,0.882,8,-3.864,1,0.34,0.165,0.0,0.339,0.894,159.792,303227,4
239,2aF2TcOKOROrxoBN7XZ0bL,Boa Esperança - Ao Vivo,6,2d9LRvQJnAXRijqIJDDs2K,Emicida,1sGdpZ0Ry0qcNAC6ILv4of,10 Anos de Triunfo (Ao Vivo),0.651,0.943,4,-6.059,0,0.296,0.222,0.0,0.848,0.684,86.028,199707,4
240,60U9NrQvXR3qD3pywGznBn,"Por Deus, por Favor",26,2d9LRvQJnAXRijqIJDDs2K,Emicida,3ZA85zeudxFA1NGeb6avXS,Pra Quem Já Mordeu um Cachorro por Comida Até Que Eu Cheguei Longe,0.778,0.334,9,-13.143,0,0.358,0.406,0.00324,0.164,0.355,90.726,181653,4
241,5022KgQuD9TrRgafcwsYp9,Rap do Motoboy,26,2d9LRvQJnAXRijqIJDDs2K,Emicida,6dzH0YRl4S2nWHli0R6Llv,Rap do Motoboy,0.793,0.631,6,-6.51,0,0.202,0.26,0.0,0.265,0.614,144.025,216907,4
242,1VwvVtK7KGK8f9tC65FOIh,Isso Não Pode Se Perder,27,2d9LRvQJnAXRijqIJDDs2K,Emicida,1xTiVYWuLx7GkZN9NLRVEs,Emicidio,0.566,0.665,7,-8.463,1,0.325,0.174,0.0,0.755,0.646,88.106,230413,4
243,7macYMax42Gtno0oSrbX8d,Mufete,3,2d9LRvQJnAXRijqIJDDs2K,Emicida,593RZfvtz4IAPWZpELwqDB,"Sobre Crianças, Quadris, Pesadelos e Lições de Casa...",0.714,0.903,2,-5.833,1,0.152,0.0486,8.53e-06,0.293,0.439,93.023,238560,4
244,1c8u8eAFIBHzox24Q9MMRC,Pra Mim (Isso É Viver),29,2d9LRvQJnAXRijqIJDDs2K,Emicida,3ZA85zeudxFA1NGeb6avXS,Pra Quem Já Mordeu um Cachorro por Comida Até Que Eu Cheguei Longe,0.805,0.507,1,-10.198,1,0.367,0.635,0.0,0.129,0.896,89.251,151173,4
245,1iuUsfIr9AlrG5UFk6DLt2,Vacilão,25,2d9LRvQJnAXRijqIJDDs2K,Emicida,36hxSCqB8A4hpUxhrH9zbZ,Sua Mina Ouve Meu Rep Tamem,0.883,0.685,1,-7.881,1,0.278,0.158,0.0,0.574,0.965,90.681,180547,4
246,7i9MpNHuZWqpCSbg6uHBTm,Cidadão,27,2d9LRvQJnAXRijqIJDDs2K,Emicida,3ZA85zeudxFA1NGeb6avXS,Pra Quem Já Mordeu um Cachorro por Comida Até Que Eu Cheguei Longe,0.826,0.682,4,-10.313,0,0.377,0.212,9.79e-06,0.122,0.779,89.823,85920,4
247,6s7zBFmqbgOqixjB8WTHoE,Vou Busca Minha Fulô,27,2d9LRvQJnAXRijqIJDDs2K,Emicida,3ZA85zeudxFA1NGeb6avXS,Pra Quem Já Mordeu um Cachorro por Comida Até Que Eu Cheguei Longe,0.717,0.46,6,-12.419,0,0.41,0.38,0.0,0.384,0.8,92.311,83800,4
248,4d23omGuGadPOnTk8Hay2B,Pequenas Empresas,26,2d9LRvQJnAXRijqIJDDs2K,Emicida,24FRiS4aTYXDcL48UPknP7,Doozicabraba e a Revolução Silenciosa,0.702,0.783,10,-4.865,0,0.269,0.229,0.0,0.22,0.883,84.005,240013,4
249,4voIFUvBEUtBMVBfxyBWJN,Santo Amaro da Purificação,26,2d9LRvQJnAXRijqIJDDs2K,Emicida,1xTiVYWuLx7GkZN9NLRVEs,Emicidio,0.728,0.594,6,-9.813,0,0.584,0.14,0.0,0.412,0.534,79.223,165147,4
250,1fxe4QTVcP32FxjTPDoiZl,Vital,27,2d9LRvQJnAXRijqIJDDs2K,Emicida,1U8sukw1UVGAzxcCXH4P1x,Vital,0.689,0.624,3,-8.879,0,0.401,0.161,0.0,0.106,0.447,128.247,191560,4
251,1Mu24wXS9kB5bxTHeV0OhG,Preciso (Melô do Mundiko),26,2d9LRvQJnAXRijqIJDDs2K,Emicida,3ZA85zeudxFA1NGeb6avXS,Pra Quem Já Mordeu um Cachorro por Comida Até Que Eu Cheguei Longe,0.706,0.558,5,-10.405,0,0.579,0.193,0.0,0.586,0.91,179.289,214920,4
252,2LAhOdcfPJUgWqwm6zmLG6,Avua Besouro,23,2d9LRvQJnAXRijqIJDDs2K,Emicida,1xTiVYWuLx7GkZN9NLRVEs,Emicidio,0.731,0.796,1,-9.249,1,0.424,0.112,4.78e-06,0.0711,0.93,175.547,229613,4
253,67pNalHivsFuW2Kcd2vS7A,Só Mais uma Noite,30,2d9LRvQJnAXRijqIJDDs2K,Emicida,1xTiVYWuLx7GkZN9NLRVEs,Emicidio,0.473,0.85,4,-7.602,0,0.393,0.0311,0.0,0.0658,0.895,126.538,189520,5
254,1oO9SDF8DP30r0opnyesYW,Um Final de Semana,24,2d9LRvQJnAXRijqIJDDs2K,Emicida,1xTiVYWuLx7GkZN9NLRVEs,Emicidio,0.705,0.46,0,-9.396,0,0.293,0.0546,0.0,0.172,0.433,88.954,172733,4
255,669EOlOmIu0bLlJ9EKEFfO,Essa É Pra Você Primo,26,2d9LRvQJnAXRijqIJDDs2K,Emicida,3ZA85zeudxFA1NGeb6avXS,Pra Quem Já Mordeu um Cachorro por Comida Até Que Eu Cheguei Longe,0.812,0.707,1,-5.2,1,0.338,0.326,0.0,0.262,0.483,93.314,227827,4
256,3rXRrdh43uzgmO95GhZTiH,Avuá,30,2d9LRvQJnAXRijqIJDDs2K,Emicida,2JIZcMjZxgLpPhsBaVksiW,Avuá,0.683,0.812,7,-5.115,0,0.39,0.216,0.0,0.115,0.268,127.829,492187,4
257,3njVe1xxVf8LLzIbHYgUbJ,Viva! (Melo dos Vileiro),28,2d9LRvQJnAXRijqIJDDs2K,Emicida,24FRiS4aTYXDcL48UPknP7,Doozicabraba e a Revolução Silenciosa,0.797,0.895,11,-4.849,0,0.353,0.1,0.0,0.238,0.939,81.978,195613,4
258,66nm77ff6ft4sZ7bG5RtDc,Santa Cruz,24,2d9LRvQJnAXRijqIJDDs2K,Emicida,1xTiVYWuLx7GkZN9NLRVEs,Emicidio,0.545,0.618,10,-9.152,0,0.445,0.0652,1.17e-06,0.685,0.721,86.701,223027,4
259,78NuDNTPOSawuaBrcg7Vqe,Selvagem,27,2d9LRvQJnAXRijqIJDDs2K,Emicida,4B3wPgCMLWIERh9QfGaYag,Selvagem,0.738,0.63,11,-8.083,0,0.372,0.18,0.0,0.726,0.359,133.889,264773,4
260,3dHGvbOKarhoCCnO0agLOU,E Agora?,27,2d9LRvQJnAXRijqIJDDs2K,Emicida,1xTiVYWuLx7GkZN9NLRVEs,Emicidio,0.554,0.649,7,-8.342,1,0.503,0.00448,0.0,0.213,0.664,178.383,200067,4
261,3YEu2zvGsP1j30P7MdM8Uk,Licença Aqui,30,2d9LRvQJnAXRijqIJDDs2K,Emicida,24FRiS4aTYXDcL48UPknP7,Doozicabraba e a Revolução Silenciosa,0.562,0.729,2,-4.818,1,0.351,0.0855,0.0,0.0668,0.64,121.376,226440,4
262,3PNPGfkDqzjE8vykLzwJDk,Soldado Sem Bandeira,26,2d9LRvQJnAXRijqIJDDs2K,Emicida,3ZA85zeudxFA1NGeb6avXS,Pra Quem Já Mordeu um Cachorro por Comida Até Que Eu Cheguei Longe,0.794,0.665,10,-9.027,0,0.414,0.146,1.96e-06,0.151,0.576,173.988,209707,4
263,7ud6onCRZu5rUb0MUZoFhX,Emicidio,27,2d9LRvQJnAXRijqIJDDs2K,Emicida,1xTiVYWuLx7GkZN9NLRVEs,Emicidio,0.654,0.749,3,-8.47,0,0.31,0.0588,0.0,0.505,0.84,89.254,204507,4
264,4yN4ZPyoC6xAGMV5kL1zQ6,Hey Rap!,26,2d9LRvQJnAXRijqIJDDs2K,Emicida,3ZA85zeudxFA1NGeb6avXS,Pra Quem Já Mordeu um Cachorro por Comida Até Que Eu Cheguei Longe,0.647,0.765,6,-6.569,1,0.34,0.0304,0.0,0.331,0.824,90.822,127453,4
265,3KbDMWpZCNscdAq7ea2iNW,Pra Não Ter Tempo Ruim,28,2d9LRvQJnAXRijqIJDDs2K,Emicida,3ZA85zeudxFA1NGeb6avXS,Pra Quem Já Mordeu um Cachorro por Comida Até Que Eu Cheguei Longe,0.729,0.672,5,-10.834,0,0.159,0.296,0.0,0.203,0.926,175.858,197747,4
266,047meJmEnLUrFVnz7DTuDx,Vai Ser Rimando,26,2d9LRvQJnAXRijqIJDDs2K,Emicida,3ZA85zeudxFA1NGeb6avXS,Pra Quem Já Mordeu um Cachorro por Comida Até Que Eu Cheguei Longe,0.711,0.706,0,-8.862,1,0.322,0.582,0.0,0.428,0.91,169.92,203307,4
267,6VRxAU85cQfxPjVvJQwiGl,Num Vejo a Hora,30,2d9LRvQJnAXRijqIJDDs2K,Emicida,36hxSCqB8A4hpUxhrH9zbZ,Sua Mina Ouve Meu Rep Tamem,0.74,0.503,5,-9.014,1,0.382,0.505,0.0,0.0675,0.469,87.85,196347,4
268,0jy5rowvJT5t6GQcyU7Md1,Cacariacô,25,2d9LRvQJnAXRijqIJDDs2K,Emicida,24FRiS4aTYXDcL48UPknP7,Doozicabraba e a Revolução Silenciosa,0.548,0.671,7,-6.333,1,0.351,0.233,0.0,0.375,0.612,169.897,156400,3
269,7peVT3FS4rLm0LAFmu6sig,1989,24,2d9LRvQJnAXRijqIJDDs2K,Emicida,24FRiS4aTYXDcL48UPknP7,Doozicabraba e a Revolução Silenciosa,0.737,0.813,1,-5.695,1,0.267,0.198,0.0,0.399,0.537,90.014,176147,4
270,2U9j25wlLoCCekKxulgpty,Fica Mais um Pouco Amor,28,2d9LRvQJnAXRijqIJDDs2K,Emicida,3ZA85zeudxFA1NGeb6avXS,Pra Quem Já Mordeu um Cachorro por Comida Até Que Eu Cheguei Longe,0.811,0.397,1,-15.711,1,0.255,0.128,0.0,0.217,0.809,98.063,146907,4
271,3k5AG1YfQBJxOMEOYdXa6g,Canção para Meus Amigos Mortos,19,2d9LRvQJnAXRijqIJDDs2K,Emicida,24FRiS4aTYXDcL48UPknP7,Doozicabraba e a Revolução Silenciosa,0.696,0.791,4,-5.549,0,0.255,0.0507,0.0,0.146,0.634,93.931,189733,4
272,6c6whZDeo8lbZrXahHjkVO,Novo Nego Véio,20,2d9LRvQJnAXRijqIJDDs2K,Emicida,1xTiVYWuLx7GkZN9NLRVEs,Emicidio,0.781,0.476,8,-9.984,0,0.259,0.00726,0.0,0.0721,0.677,89.147,161600,4
273,2g56r0T9P7IOSI1IFNNWKD,Hoje Cedo,15,2d9LRvQJnAXRijqIJDDs2K,Emicida,393EULGuLWpFjCzcuSSQBF,Hoje Cedo,0.678,0.815,10,-4.978,0,0.337,0.0399,0.0,0.15,0.554,161.882,194080,4
274,3JmHWXE5VeUi0Uhpxbs9v6,Milionário do Sonho,1,2d9LRvQJnAXRijqIJDDs2K,Emicida,4UqGzHq5gbqDhFI27IPVd2,O Glorioso Retorno de Quem Nunca Esteve Aqui,0.78,0.282,11,-11.477,0,0.818,0.443,0.0,0.397,0.908,44.881,50067,3
275,1L2eNp1ppkIwJY9eN0s5tw,Bagaço da Laranja,9,2d9LRvQJnAXRijqIJDDs2K,Emicida,1SYy6QlPiObmtHW2PqpZWu,"Sambabook Zeca Pagodinho, Vol. 2",0.68,0.723,7,-7.261,1,0.353,0.3,0.0,0.337,0.839,115.384,250404,4
276,2YEBWxw7dXdmYFM4VqR3p1,Levanta e Anda,8,2d9LRvQJnAXRijqIJDDs2K,Emicida,4UqGzHq5gbqDhFI27IPVd2,O Glorioso Retorno de Quem Nunca Esteve Aqui,0.633,0.937,9,-4.054,1,0.323,0.0943,0.0,0.378,0.823,89.908,150320,4
277,1uVOvs9a0rDTll1fuDhO7h,A Chapa é Quente - Língua Franca,23,2d9LRvQJnAXRijqIJDDs2K,Emicida,7sBS5jW8aR2EwpRmV5QIFC,A Chapa é Quente (Língua Franca),0.606,0.532,5,-10.524,0,0.427,0.211,0.0,0.125,0.23,120.121,244453,4
278,5AEPgvi0qSS91PQtiV2uzZ,Avua Besouro,7,2d9LRvQJnAXRijqIJDDs2K,Emicida,55w8mp0m9mYuVdFxw7LcrB,Avua Besouro,0.731,0.796,1,-9.252,1,0.424,0.112,4.55e-06,0.0711,0.93,175.547,229613,4
279,6UKPIsuQb5EDvW2nUBzt7g,A Chapa é Quente - Língua Franca,9,2d9LRvQJnAXRijqIJDDs2K,Emicida,2YChVRWTV5GzvdcCFvyoT0,Língua Franca,0.767,0.53,5,-10.558,0,0.357,0.215,0.0,0.129,0.23,120.136,242813,4
280,6toZnqSR81llqIIBHzcVbp,Nosso sonho,2,2d9LRvQJnAXRijqIJDDs2K,Emicida,0M5JZjqHKjNtE61lGDtImh,Torcida Brasil,0.764,0.764,5,-5.793,0,0.0704,0.0332,0.0,0.339,0.63,126.013,344587,4
281,1UknvwkbSx9JsNv2rRmr0a,Haiti/Dedo na Ferida,5,2d9LRvQJnAXRijqIJDDs2K,Emicida,1sGdpZ0Ry0qcNAC6ILv4of,10 Anos de Triunfo (Ao Vivo),0.72,0.741,10,-7.108,0,0.0766,0.487,1.47e-05,0.735,0.551,75.893,257613,4
282,3tshTrW39lVI3tjFhG4I2k,Quero Ver Quarta-Feira - Ao Vivo,1,2d9LRvQJnAXRijqIJDDs2K,Emicida,3U6paWSMDtMZt8khkSHISF,"Rock In Rio - Por uma Música Melhor, Vol.4",0.595,0.855,7,-5.742,0,0.0659,0.0686,0.0,0.651,0.862,86.778,275709,4
283,4uR1EHxlZ8lJshA5AqrJon,Beat Henrique Martins,0,7tEhUjBrqsI7f4QxcdZwy2,emiciDasul,1LV8keM1uCWcg3Tn1G7o6m,Beat Henrique Martins,0.79,0.516,8,-11.878,0,0.117,0.00429,0.953,0.0953,0.502,90.984,105558,4
284,2vi1oW1hZexBEhpTxY7oye,Intro,12,2d9LRvQJnAXRijqIJDDs2K,Emicida,36hxSCqB8A4hpUxhrH9zbZ,Sua Mina Ouve Meu Rep Tamem,0.713,0.333,0,-18.538,0,0.9,0.855,1.17e-06,0.527,0.83,120.902,49000,5
285,4Hb1MqogMXGusJo6RAD2qy,Hoje Cedo,4,2d9LRvQJnAXRijqIJDDs2K,Emicida,4UqGzHq5gbqDhFI27IPVd2,O Glorioso Retorno de Quem Nunca Esteve Aqui,0.678,0.815,10,-4.978,0,0.337,0.0399,0.0,0.15,0.554,161.886,194080,4
286,6sbS5YK2N0Tg4sYQvIci0Z,Trepadeira,3,2d9LRvQJnAXRijqIJDDs2K,Emicida,4UqGzHq5gbqDhFI27IPVd2,O Glorioso Retorno de Quem Nunca Esteve Aqui,0.545,0.721,10,-4.383,0,0.397,0.317,0.0,0.764,0.862,81.013,282800,4
287,7DzjMRWHXCrjyvsUljB1Vn,Bagaço da Laranja,0,2d9LRvQJnAXRijqIJDDs2K,Emicida,2yfxjIrYGOcoAVM8i1gKQS,Sambabook Zeca Pagodinho,0.68,0.723,7,-7.261,1,0.353,0.3,0.0,0.337,0.839,115.384,250404,4
288,0sEoV3qQ7BGp4CdHYCJmUZ,Sodade,2,2d9LRvQJnAXRijqIJDDs2K,Emicida,593RZfvtz4IAPWZpELwqDB,"Sobre Crianças, Quadris, Pesadelos e Lições de Casa...",0.568,0.335,10,-11.493,0,0.0745,0.888,0.0,0.859,0.845,71.138,70627,4
289,4LVhnR8jxeFqDnK19bZCtc,Gênios Invisíveis - Língua Franca,18,2d9LRvQJnAXRijqIJDDs2K,Emicida,2YChVRWTV5GzvdcCFvyoT0,Língua Franca,0.807,0.853,1,-6.746,1,0.145,0.24,1.24e-05,0.0893,0.749,97.012,240160,4
290,4rH2Yzww7Sb3L6NF3mMySu,Zóião,1,2d9LRvQJnAXRijqIJDDs2K,Emicida,4UqGzHq5gbqDhFI27IPVd2,O Glorioso Retorno de Quem Nunca Esteve Aqui,0.715,0.522,11,-9.205,0,0.178,0.0146,0.000121,0.116,0.313,80.476,232547,1
291,2484tvE4r41MHm85lq7z9H,Hino Vira-Lata,2,2d9LRvQJnAXRijqIJDDs2K,Emicida,4UqGzHq5gbqDhFI27IPVd2,O Glorioso Retorno de Quem Nunca Esteve Aqui,0.665,0.936,1,-3.561,1,0.0781,0.0503,0.0,0.16,0.933,91.022,192413,4
292,0pmExfJ9NhCdFgAvdhjNRl,Intro (Shiiiiu!),16,2d9LRvQJnAXRijqIJDDs2K,Emicida,24FRiS4aTYXDcL48UPknP7,Doozicabraba e a Revolução Silenciosa,0.628,0.702,1,-11.394,0,0.421,0.792,0.0178,0.0869,0.224,113.182,136493,5
293,16NGbaZUmYsNOJb1o0KAk5,Egotrip - Língua Franca,9,2d9LRvQJnAXRijqIJDDs2K,Emicida,2YChVRWTV5GzvdcCFvyoT0,Língua Franca,0.808,0.671,4,-5.0,1,0.376,0.161,0.0,0.0176,0.747,90.022,228920,4
294,0NIFvEPGkZodCyN48la4Hd,Quero Ver Quarta-Feira,14,2d9LRvQJnAXRijqIJDDs2K,Emicida,0BOHI5c6ti9LqhICsBeKgk,Quero Ver Quarta-Feira,0.681,0.91,7,-4.034,1,0.29,0.0883,0.0,0.334,0.712,166.02,266053,4
295,1otDo025Yi7BixVS6BgFf9,Alma Gêmea,3,2d9LRvQJnAXRijqIJDDs2K,Emicida,4UqGzHq5gbqDhFI27IPVd2,O Glorioso Retorno de Quem Nunca Esteve Aqui,0.816,0.407,6,-6.029,1,0.0464,0.152,0.000486,0.087,0.712,141.05,239987,3
296,7lvGzIPx6hojokn0PlKYMr,"Yasuke (Bendito, Louvado Seja)",22,2d9LRvQJnAXRijqIJDDs2K,Emicida,4XN0IrRFJ2b2mpZRSKA3t0,"Yasuke (Bendito, Louvado Seja)",0.499,0.703,9,-6.904,0,0.392,0.342,7.21e-06,0.219,0.2,62.421,351210,4
297,12Kj6lgdFeVIcv1CRMc7Nv,"Um, Dois, Três, Quatro",23,2d9LRvQJnAXRijqIJDDs2K,Emicida,3ZA85zeudxFA1NGeb6avXS,Pra Quem Já Mordeu um Cachorro por Comida Até Que Eu Cheguei Longe,0.704,0.849,1,-7.63,0,0.497,0.25,0.0,0.465,0.691,46.073,40267,4
298,1Y1jO8MOK7FpiffWZWFbrc,Quem tem um amigo (tem tudo) [Remix],1,2d9LRvQJnAXRijqIJDDs2K,Emicida,4oCvS1pR4gLyerGSiRoYwG,Quem tem um amigo (tem tudo),0.814,0.921,6,-5.273,0,0.181,0.572,0.0,0.281,0.962,138.988,246533,4
299,55HB8Maxa9dkWs9UDxjPRV,Samba do Fim do Mundo,1,2d9LRvQJnAXRijqIJDDs2K,Emicida,4UqGzHq5gbqDhFI27IPVd2,O Glorioso Retorno de Quem Nunca Esteve Aqui,0.447,0.882,4,-5.984,0,0.401,0.0462,0.0,0.105,0.595,87.943,219200,4
300,6g6H6yu4ppSf6q6kSu4Kj8,Triunfo,17,2d9LRvQJnAXRijqIJDDs2K,Emicida,43kNIcy8nmcjnFVJhJDsQU,Triunfo,0.608,0.909,5,-5.439,0,0.342,0.173,0.0,0.85,0.865,92.172,209373,4
301,1QcodsyoLPPaRKk9CP8KFZ,Quero Ver Quarta-Feira - Ao Vivo,14,2d9LRvQJnAXRijqIJDDs2K,Emicida,4ZLLVCn6RnlENQ0nhAS5sS,Rock In Rio (Ao Vivo),0.55,0.865,7,-5.92,0,0.107,0.0822,0.0,0.943,0.8,86.558,294520,4
302,3G5t1NbHi6bC55IWGF6Tf0,Trabalhadores do Brasil,1,2d9LRvQJnAXRijqIJDDs2K,Emicida,593RZfvtz4IAPWZpELwqDB,"Sobre Crianças, Quadris, Pesadelos e Lições de Casa...",0.8,0.318,2,-12.454,1,0.801,0.69,0.0,0.291,0.732,61.592,82693,3
303,2EiJXgUnQ4P1yCOzucaJr4,Sol de Giz de Cera,2,2d9LRvQJnAXRijqIJDDs2K,Emicida,4UqGzHq5gbqDhFI27IPVd2,O Glorioso Retorno de Quem Nunca Esteve Aqui,0.684,0.407,0,-11.299,0,0.189,0.841,6.85e-05,0.117,0.588,153.899,138320,4
304,3RZIR770tqiIiccinoE5o4,Tão Linda,0,7tEhUjBrqsI7f4QxcdZwy2,emiciDasul,1vON23PwC7W4Sa7gPMwhRm,Tão Linda,0.799,0.51,11,-10.971,0,0.272,0.876,2.09e-06,0.112,0.223,85.982,120067,4
305,70nl77TU9HsvnkqvX3rjiP,Eminência Parda,2,2d9LRvQJnAXRijqIJDDs2K,Emicida,4O8gP39fPgCbcPQfUSSiMI,Eminência Parda,0.789,0.804,10,-5.192,0,0.152,0.295,0.0,0.11,0.267,120.043,244947,4
306,3HwQeHdIeBqiMltNdz6Obm,Volúpia,25,2d9LRvQJnAXRijqIJDDs2K,Emicida,36hxSCqB8A4hpUxhrH9zbZ,Sua Mina Ouve Meu Rep Tamem,0.791,0.409,8,-8.484,0,0.35,0.428,6.72e-06,0.0437,0.555,94.004,172667,4
307,6f7Am9gKBzcYq4N1VT2mNs,Chegaí,23,2d9LRvQJnAXRijqIJDDs2K,Emicida,36hxSCqB8A4hpUxhrH9zbZ,Sua Mina Ouve Meu Rep Tamem,0.801,0.523,4,-7.963,0,0.333,0.00376,0.0,0.0271,0.563,87.973,171960,4
308,6WEnwoDXLxbPKqSzNGpfEI,De Onde Cê Vem?!,24,2d9LRvQJnAXRijqIJDDs2K,Emicida,1xTiVYWuLx7GkZN9NLRVEs,Emicidio,0.586,0.827,8,-8.772,1,0.563,0.0731,0.0,0.39,0.85,96.222,262333,4
309,1BwgNjYeQMHNvKe1BkK0tY,Gueto,1,2d9LRvQJnAXRijqIJDDs2K,Emicida,4UqGzHq5gbqDhFI27IPVd2,O Glorioso Retorno de Quem Nunca Esteve Aqui,0.701,0.93,0,-4.163,1,0.0885,0.0361,0.0,0.391,0.74,139.922,184093,4
310,3G3PPoNXTdirajaiIFh11y,Ubuntu Fristaili,3,2d9LRvQJnAXRijqIJDDs2K,Emicida,4UqGzHq5gbqDhFI27IPVd2,O Glorioso Retorno de Quem Nunca Esteve Aqui,0.611,0.691,7,-5.09,1,0.42,0.0699,0.0,0.22,0.712,134.827,286827,4
311,6TLIt57cUgzDKKTZEzYdlg,Viva (Melô Dos Vileiros) - Ao Vivo,11,2d9LRvQJnAXRijqIJDDs2K,Emicida,4ZLLVCn6RnlENQ0nhAS5sS,Rock In Rio (Ao Vivo),0.612,0.854,9,-5.542,0,0.188,0.497,0.0,0.667,0.805,86.863,206520,4
312,5wReRZzvcoqBmqHBB1tXeQ,Dasul Beats,0,7tEhUjBrqsI7f4QxcdZwy2,emiciDasul,5PL1t0K3iKhKLFSXRIGjX2,Dasul Beats,0.874,0.426,1,-11.807,0,0.191,0.0909,0.95,0.108,0.243,129.96,173702,4
313,5NCCdivQoIpi1QZiDPmG57,Minha Vida - Remix,23,2d9LRvQJnAXRijqIJDDs2K,Emicida,7vHi7lo1mCDyDvbLBy1u2c,Minha Vida (Remix),0.491,0.771,5,-7.954,0,0.297,0.287,0.0,0.144,0.567,82.862,371905,4
314,5iViZcKCanP4yErG6qkanf,Moleque Atrevido,17,2d9LRvQJnAXRijqIJDDs2K,Emicida,4Xz2O4khnDnU6sdp7ROjaF,"Sambabook Jorge Aragão, Vol. 1",0.808,0.558,0,-10.239,1,0.0765,0.519,0.0,0.358,0.942,104.084,163893,4
315,75F56M3TO2L43mfLHdcZZh,Ideal - Língua Franca,15,2d9LRvQJnAXRijqIJDDs2K,Emicida,2YChVRWTV5GzvdcCFvyoT0,Língua Franca,0.877,0.727,1,-7.052,1,0.0727,0.0187,0.0,0.345,0.798,95.036,203373,4
316,50xsvLjX30CMYTFGuItn0W,Maracatu atômico,2,2d9LRvQJnAXRijqIJDDs2K,Emicida,0M5JZjqHKjNtE61lGDtImh,Torcida Brasil,0.512,0.789,1,-7.592,1,0.199,0.0287,8.57e-06,0.65,0.362,172.086,281413,4
317,0aLHKvkW5uSHYkZtJL6k4C,Crisântemo,8,2d9LRvQJnAXRijqIJDDs2K,Emicida,0Vd6p2q0LN9kjrS7WL89E3,Crisântemo,0.707,0.698,10,-6.896,0,0.41,0.318,4.15e-06,0.109,0.627,145.903,314440,4
318,2r7eWo3VZYJXVMtziQJHL6,Moleque Atrevido,0,2d9LRvQJnAXRijqIJDDs2K,Emicida,13GbSUVtxFeIZ0AdAvPSxe,"Sambabook Jorge Aragão, Vol. 3",0.808,0.558,0,-10.239,1,0.0765,0.519,0.0,0.358,0.942,104.084,163893,4
319,19eRmnU9m1SWl9c8MBYY5a,Bang!,3,2d9LRvQJnAXRijqIJDDs2K,Emicida,4UqGzHq5gbqDhFI27IPVd2,O Glorioso Retorno de Quem Nunca Esteve Aqui,0.669,0.794,5,-5.259,0,0.32,0.112,0.0,0.131,0.847,76.91,290480,4
320,4GAI9vVLUHy5fRPFjkezUa,Amigos - Língua Franca,13,2d9LRvQJnAXRijqIJDDs2K,Emicida,2YChVRWTV5GzvdcCFvyoT0,Língua Franca,0.62,0.586,1,-7.226,0,0.0448,0.0189,0.0,0.381,0.28,82.028,217213,4
321,6gP8IkYbKfR5VZaOiZOFgY,AFROdite - Língua Franca,11,2d9LRvQJnAXRijqIJDDs2K,Emicida,2YChVRWTV5GzvdcCFvyoT0,Língua Franca,0.782,0.725,4,-7.162,0,0.1,0.335,0.0,0.0945,0.896,87.989,242467,4
322,4Qu1lQg9LBnhuI047ODnuU,Crisântemo,2,2d9LRvQJnAXRijqIJDDs2K,Emicida,4UqGzHq5gbqDhFI27IPVd2,O Glorioso Retorno de Quem Nunca Esteve Aqui,0.707,0.698,10,-6.895,0,0.41,0.318,4.15e-06,0.109,0.627,145.903,314440,4
323,5UhJAzVUZV0NDjzSFSxaqo,Ela - Língua Franca,12,2d9LRvQJnAXRijqIJDDs2K,Emicida,2YChVRWTV5GzvdcCFvyoT0,Língua Franca,0.447,0.52,6,-10.283,1,0.263,0.343,0.0,0.0865,0.23,170.122,225733,4
324,3WfVv91pGjiiVIcYFaKsUt,Quem tem um amigo (tem tudo),2,2d9LRvQJnAXRijqIJDDs2K,Emicida,4oCvS1pR4gLyerGSiRoYwG,Quem tem um amigo (tem tudo),0.812,0.903,1,-5.499,0,0.142,0.626,0.0,0.282,0.937,139.022,249000,4
